FORENING_AKTORID;FORENING_ETTERNAVN;FYLKENUMMER;FYLKE;OVERLIGGENDE_FORENING_AKTØRID;FORENING_OVERLIGGENDE;KATEGORIKODE
10926;Buer/kornsjø Skytterlag;01;Østfold;10016;Østfold Skyttersamlag;DFS
10924;Halden Skytterlag;01;Østfold;10016;Østfold Skyttersamlag;DFS
10961;Nrof Moss;01;Østfold;10018;Follo Skyttersamlag;MIL
10925;Ise Skytterlag;01;Østfold;10016;Østfold Skyttersamlag;DFS
10931;Sarpsborg Skytterlag;01;Østfold;10016;Østfold Skyttersamlag;DFS
10932;Skjeberg Skytterlag;01;Østfold;10016;Østfold Skyttersamlag;DFS
10933;Torsnes Skytterlag;01;Østfold;10016;Østfold Skyttersamlag;DFS
10920;Borge Skytterlag;01;Østfold;10016;Østfold Skyttersamlag;DFS
10923;Fredrikstad Skytterlag;01;Østfold;10016;Østfold Skyttersamlag;DFS
10977;NROF Søndre Østfold;01;Østfold;10016;Østfold Skyttersamlag;MIL
10919;Aremark Skytterlag;01;Østfold;10016;Østfold Skyttersamlag;DFS
10929;Rødenes Skytterlag;01;Østfold;10016;Østfold Skyttersamlag;DFS
10934;Øymark Skytterlag;01;Østfold;10016;Østfold Skyttersamlag;DFS
10096;Rømskog Skytterlag;01;Østfold;10020;Akershus Skyttersamlag;DFS
10136;Båstad Skytterlag;01;Østfold;10018;Follo Skyttersamlag;DFS
10922;Eidsberg Skytterlag;01;Østfold;10016;Østfold Skyttersamlag;DFS
10942;NROF Fossumstrøget;01;Østfold;10018;Follo Skyttersamlag;MIL
10147;Trøgstad Skytterlag;01;Østfold;10018;Follo Skyttersamlag;DFS
10144;Spydeberg Skytterlag;01;Østfold;10018;Follo Skyttersamlag;DFS
10135;Askim Skytterlag;01;Østfold;10018;Follo Skyttersamlag;DFS
10143;Skiptvet Skytterlag;01;Østfold;10018;Follo Skyttersamlag;DFS
10921;Degernes Skytterlag;01;Østfold;10016;Østfold Skyttersamlag;DFS
10927;Rakkestad Skytterlag;01;Østfold;10016;Østfold Skyttersamlag;DFS
10930;Råde Skytterlag;01;Østfold;10016;Østfold Skyttersamlag;DFS
10994;HV-01 Oslofjord;01;Østfold;10016;Østfold Skyttersamlag;MIL
10141;Moss og Våler Skytterlag;01;Østfold;10018;Follo Skyttersamlag;DFS
10928;Rygge Skytterlag;01;Østfold;10016;Østfold Skyttersamlag;DFS
10145;Svinndal Skytterlag;01;Østfold;10018;Follo Skyttersamlag;DFS
10139;Hobøl Skytterlag;01;Østfold;10018;Follo Skyttersamlag;DFS
10148;Aas Skytterlag;02;Akershus;10018;Follo Skyttersamlag;DFS
10146;Såner skytterlag;02;Akershus;10018;Follo Skyttersamlag;DFS
10140;Kråkstad Skytterlag;02;Akershus;10018;Follo Skyttersamlag;DFS
10142;Ski Skytterlag;02;Akershus;10018;Follo Skyttersamlag;DFS
10138;Frogn og Drøbak Skytterlag;02;Akershus;10018;Follo Skyttersamlag;DFS
10940;NROF Follo;02;Akershus;10018;Follo Skyttersamlag;MIL
11024;FLO/Land - Base Kolsås;02;Akershus;10015;Drammen Skyttersamlag;MIL
10494;Oslo Vestre Skytterlag (avviklet);02;Akershus;10019;Oslo Skyttersamlag;DFS
10497;Østre Bærum Skytterlag;02;Akershus;10019;Oslo Skyttersamlag;DFS
10129;Asker Skytterlag;02;Akershus;10015;Drammen Skyttersamlag;DFS
10954;NROF Kongsberg;02;Akershus;10014;Numedal Skyttersamlag;MIL
10085;Høland/Bjørkelangen Skytterlag;02;Akershus;10020;Akershus Skyttersamlag;DFS
10097;Setskog Skytterlag;02;Akershus;10020;Akershus Skyttersamlag;DFS
10102;Søndre Høland Skytterlag;02;Akershus;10020;Akershus Skyttersamlag;DFS
10104;Urskog Skytterlag;02;Akershus;10020;Akershus Skyttersamlag;DFS
10077;Blaker Skytterlag;02;Akershus;10020;Akershus Skyttersamlag;DFS
10088;Leirsund Skytterlag;02;Akershus;10020;Akershus Skyttersamlag;DFS
10101;Sørum Skytterlag;02;Akershus;10020;Akershus Skyttersamlag;DFS
10080;Fet Skytterlag;02;Akershus;10020;Akershus Skyttersamlag;DFS
10965;NROF Nedre Romerike;02;Akershus;10020;Akershus Skyttersamlag;MIL
10137;Enebakk Skytterlag;02;Akershus;10018;Follo Skyttersamlag;DFS
10089;Lørenskog Skytterlag;02;Akershus;10020;Akershus Skyttersamlag;DFS
11012;FLO Luft;02;Akershus;10020;Akershus Skyttersamlag;MIL
10095;Rælingen Skytterlag;02;Akershus;10020;Akershus Skyttersamlag;DFS
10098;Skedsmo Skytterlag;02;Akershus;10020;Akershus Skyttersamlag;DFS
10093;Nittedal Skytterlag;02;Akershus;10020;Akershus Skyttersamlag;DFS
10081;Gjerdrum Skytterlag;02;Akershus;10020;Akershus Skyttersamlag;DFS
1683879;FKL;02;Akershus;10020;Akershus Skyttersamlag;MIL
1618065;FLO/VEDL/RTV-Bil;02;Akershus;10020;Akershus Skyttersamlag;MIL
10083;Hovind Skytterlag;02;Akershus;10020;Akershus Skyttersamlag;DFS
10086;Kisen Skytterlag;02;Akershus;10020;Akershus Skyttersamlag;DFS
2464469;Luftving 135;02;Akershus;10020;Akershus Skyttersamlag;MIL
11008;Romerike Tekniske verksted B.I.L.;02;Akershus;10020;Akershus Skyttersamlag;MIL
10103;Ullensaker Skytterlag;02;Akershus;10020;Akershus Skyttersamlag;DFS
10082;Haga Skytterlag;02;Akershus;10020;Akershus Skyttersamlag;DFS
10092;Nes/Hovind Skytterlag;02;Akershus;10020;Akershus Skyttersamlag;DFS
10991;NROF Øvre Romerike;02;Akershus;10020;Akershus Skyttersamlag;MIL
10094;Raumnes Skytterlag;02;Akershus;10020;Akershus Skyttersamlag;DFS
10099;Skogbygden Skytterlag;02;Akershus;10020;Akershus Skyttersamlag;DFS
10078;Eidsvoll Verk Skytterlag;02;Akershus;10020;Akershus Skyttersamlag;DFS
10079;Eidsvoll Østre Skytterlag;02;Akershus;10020;Akershus Skyttersamlag;DFS
10087;Langseth Skytterlag;02;Akershus;10020;Akershus Skyttersamlag;DFS
10090;Minne Skytterlag;02;Akershus;10020;Akershus Skyttersamlag;DFS
10091;Nannestad Skytterlag;02;Akershus;10020;Akershus Skyttersamlag;DFS
10100;Steinsgård Skytterlag;02;Akershus;10020;Akershus Skyttersamlag;DFS
10084;Hurdal Skytterlag;02;Akershus;10020;Akershus Skyttersamlag;DFS
10491;Akademisk Skytterlag;03;Oslo;10019;Oslo Skyttersamlag;DFS
2470649;Bälgvikens Skytteförening;03;Oslo;343582;Sverige;UTL
10935;DFS Skytterlag;03;Oslo;10020;Akershus Skyttersamlag;DFS
1716034;Edsbjørke Skytteforening;03;Oslo;343582;Sverige;UTL
11014;FMGT;03;Oslo;10019;Oslo Skyttersamlag;MIL
2355337;Forsvarets Høgskole;03;Oslo;10019;Oslo Skyttersamlag;MIL
1683853;Forsvarsstaben (FST);03;Oslo;10019;Oslo Skyttersamlag;MIL
2076768;HMKG;03;Oslo;10019;Oslo Skyttersamlag;MIL
10995;Hv-02 Oslo og Akershus;03;Oslo;10019;Oslo Skyttersamlag;MIL
2350718;Hærens Befalskole;03;Oslo;10026;Østerdal Skyttersamlag;MIL
2223923;Kalix Skytteförening;03;Oslo;343582;Sverige;UTL
636860;Klubb Danmark;03;Oslo;636852;Danmark;UTL
2274538;Klubb Norge;03;Oslo;2274504;Norge;UTL
2274520;Klubb Sverige;03;Oslo;343582;Sverige;
11013;Krigsskolen;03;Oslo;10019;Oslo Skyttersamlag;MIL
1716026;Lekvattnet/torsby Skytterlag;03;Oslo;343582;Sverige;UTL
10492;Nordstrand Skytterlag;03;Oslo;10019;Oslo Skyttersamlag;DFS
10969;NROF Oslo;03;Oslo;10019;Oslo Skyttersamlag;MIL
10493;Oslo Garnisons Skytterlag (avviklet);03;Oslo;10019;Oslo Skyttersamlag;DFS
10495;Oslo Østre Skytterlag;03;Oslo;10019;Oslo Skyttersamlag;DFS
1174077;Rommeheds Skf;03;Oslo;343582;Sverige;UTL
10133;Sørkedalen Skytterlag;03;Oslo;10015;Drammen Skyttersamlag;DFS
1395540;Østersund Skytterlag;03;Oslo;343582;Sverige;UTL
10637;Austmarka Skytterlag;04;Hedmark;10017;Solør Skyttersamlag;DFS
10640;Galterud Skytterlag;04;Hedmark;10017;Solør Skyttersamlag;DFS
10641;Grue Skytterlag;04;Hedmark;10017;Solør Skyttersamlag;DFS
10645;Kongsvinger og Omegn Skytterlag;04;Hedmark;10017;Solør Skyttersamlag;DFS
10638;Lundersæter skytterlag (Avviklet);04;Hedmark;10017;Solør Skyttersamlag;DFS
10944;Nrof Glåmdal;04;Hedmark;10017;Solør Skyttersamlag;MIL
10648;Roverud Skytterlag;04;Hedmark;10017;Solør Skyttersamlag;DFS
10651;Tørmoen Skytterlag;04;Hedmark;10017;Solør Skyttersamlag;DFS
10655;Åsnes Finnskog Skytterlag;04;Hedmark;10017;Solør Skyttersamlag;DFS
10262;Hamar og Omegn Skytterlag;04;Hedmark;10023;Hedmark Skyttersamlag;DFS
10268;Vang skytterlag;04;Hedmark;10023;Hedmark Skyttersamlag;DFS
10261;Brumunddal Skytterlag;04;Hedmark;10023;Hedmark Skyttersamlag;DFS
10425;Dalsbygda Skytterlag;04;Hedmark;10022;Nord-Østerdal Skyttersamlag;DFS
10263;Lismarken Skytterlag;04;Hedmark;10023;Hedmark Skyttersamlag;DFS
10266;Nes (Hedmark) Skytterlag;04;Hedmark;10023;Hedmark Skyttersamlag;DFS
10949;NROF Hedemarken;04;Hedmark;10023;Hedmark Skyttersamlag;MIL
10269;Åsheim Skytterlag;04;Hedmark;10023;Hedmark Skyttersamlag;DFS
10264;Løiten Skytterlag;04;Hedmark;10023;Hedmark Skyttersamlag;DFS
10265;Stange og Romedal Skytterlag;04;Hedmark;10023;Hedmark Skyttersamlag;DFS
10267;Tangen Skytterlag;04;Hedmark;10023;Hedmark Skyttersamlag;DFS
10649;Størjebygden Skytterlag;04;Hedmark;10017;Solør Skyttersamlag;DFS
10646;Nord-Odal Skytterlag;04;Hedmark;10017;Solør Skyttersamlag;DFS
10650;Søndre Odalen Skytterlag;04;Hedmark;10017;Solør Skyttersamlag;DFS
1724582;Eda Skyttegille;04;Hedmark;343582;Sverige;UTL
10639;Eidskog Skytterlag;04;Hedmark;10017;Solør Skyttersamlag;DFS
10647;Rauhella Skytterlag;04;Hedmark;10017;Solør Skyttersamlag;DFS
10642;Grue Finnskog Skytterlag;04;Hedmark;10017;Solør Skyttersamlag;DFS
10644;Hof Finnskog Skytterlag;04;Hedmark;10017;Solør Skyttersamlag;DFS
10643;Hof (solør) Skytterlag;04;Hedmark;10017;Solør Skyttersamlag;DFS
10653;Åslia Skytterlag;04;Hedmark;10017;Solør Skyttersamlag;DFS
10654;Åsnes Skytterlag;04;Hedmark;10017;Solør Skyttersamlag;DFS
10652;Våler Skytterlag;04;Hedmark;10017;Solør Skyttersamlag;DFS
10894;Elverum Skytterlag;04;Hedmark;10026;Østerdal Skyttersamlag;DFS
2221109;Forsvarets Personell- og Vernepliktssenter;04;Hedmark;10025;Gudbrandsdal Skyttersamlag;MIL
10993;Heimevernsstaben;04;Hedmark;10019;Oslo Skyttersamlag;MIL
10997;Hv-05 Opplandske;04;Hedmark;10026;Østerdal Skyttersamlag;MIL
1700764;Hærens Våpenskole;04;Hedmark;10026;Østerdal Skyttersamlag;MIL
11010;Hærstaben;04;Hedmark;10026;Østerdal Skyttersamlag;MIL
10898;Jømna/heradsbygd Skytterlag;04;Hedmark;10026;Østerdal Skyttersamlag;DFS
1702158;MP Kompaniet;04;Hedmark;10026;Østerdal Skyttersamlag;MIL
10904;Nordskogbygda Skytterlag;04;Hedmark;10026;Østerdal Skyttersamlag;DFS
10978;NROF avd. Elverum og omegn;04;Hedmark;10026;Østerdal Skyttersamlag;MIL
1700749;Operasjonsstøtte Terningmoen;04;Hedmark;10026;Østerdal Skyttersamlag;MIL
10906;Risberget Skytterlag;04;Hedmark;10026;Østerdal Skyttersamlag;DFS
10910;Strandbygda Skytterlag;04;Hedmark;10026;Østerdal Skyttersamlag;DFS
10912;Sørskogbygda Skytterlag;04;Hedmark;10026;Østerdal Skyttersamlag;DFS
10916;Øksna Skytterlag;04;Hedmark;10026;Østerdal Skyttersamlag;DFS
10892;Eidet Skytterlag;04;Hedmark;10026;Østerdal Skyttersamlag;DFS
10899;Fregn Skytterlag;04;Hedmark;10026;Østerdal Skyttersamlag;DFS
10900;Jordet og Tenaasen Skytterlag;04;Hedmark;10026;Østerdal Skyttersamlag;DFS
10902;Løra Skytterlag;04;Hedmark;10026;Østerdal Skyttersamlag;DFS
10903;Nordre Trysil Skytterlag;04;Hedmark;10026;Østerdal Skyttersamlag;DFS
10913;Trysil Skytterlag;04;Hedmark;10026;Østerdal Skyttersamlag;DFS
10911;Vestby og Søre Osen Skytterlag;04;Hedmark;10026;Østerdal Skyttersamlag;DFS
10914;Vestre Trysil Skytterlag;04;Hedmark;10026;Østerdal Skyttersamlag;DFS
10917;Østby Skytterlag;04;Hedmark;10026;Østerdal Skyttersamlag;DFS
10891;Deset Skytterlag;04;Hedmark;10026;Østerdal Skyttersamlag;DFS
2076545;FLO Forsyning Østlandet-Østerdalen;04;Hedmark;10026;Østerdal Skyttersamlag;MIL
1717685;Kampeskadronen;04;Hedmark;10026;Østerdal Skyttersamlag;MIL
11021;Kompani Østerdal;04;Hedmark;10026;Østerdal Skyttersamlag;MIL
10905;Osen Skytterlag (østerdal);04;Hedmark;10026;Østerdal Skyttersamlag;DFS
10907;Sjølisand Skytterlag;04;Hedmark;10026;Østerdal Skyttersamlag;DFS
10909;Strand Skytterlag;04;Hedmark;10026;Østerdal Skyttersamlag;DFS
2076552;Telemark Bataljon;04;Hedmark;10026;Østerdal Skyttersamlag;MIL
11020;Østerdal Garnison;04;Hedmark;10026;Østerdal Skyttersamlag;MIL
10918;Åmot Skytterlag;04;Hedmark;10026;Østerdal Skyttersamlag;DFS
10889;Atna Skytterlag;04;Hedmark;10026;Østerdal Skyttersamlag;DFS
10890;Bjørnen (Østerdal) Skytterlag;04;Hedmark;10026;Østerdal Skyttersamlag;DFS
10893;Elgen Skytterlag;04;Hedmark;10026;Østerdal Skyttersamlag;DFS
10908;Sollia Skytterlag;04;Hedmark;10026;Østerdal Skyttersamlag;DFS
10444;Finstad Skytterlag;04;Hedmark;10022;Nord-Østerdal Skyttersamlag;DFS
10915;Ytre Rendal Skytterlag;04;Hedmark;10026;Østerdal Skyttersamlag;DFS
10446;Øvre Rendal Skytterlag;04;Hedmark;10022;Nord-Østerdal Skyttersamlag;DFS
10426;Elgå Skytterlag;04;Hedmark;10022;Nord-Østerdal Skyttersamlag;DFS
10895;Engerdal Skytterlag;04;Hedmark;10026;Østerdal Skyttersamlag;DFS
10896;Engeren Skytterlag;04;Hedmark;10026;Østerdal Skyttersamlag;DFS
10897;Fjeld Skytterlag;04;Hedmark;10026;Østerdal Skyttersamlag;DFS
10429;Føken Skytterlag;04;Hedmark;10022;Nord-Østerdal Skyttersamlag;DFS
10901;Klara Skytterlag;04;Hedmark;10026;Østerdal Skyttersamlag;DFS
10443;Hodalen Skytterlag;04;Hedmark;10022;Nord-Østerdal Skyttersamlag;DFS
10438;Tolgen Skytterlag;04;Hedmark;10022;Nord-Østerdal Skyttersamlag;DFS
10441;Vingelen Skytterlag;04;Hedmark;10022;Nord-Østerdal Skyttersamlag;DFS
10442;Øversjødalen Skytterlag;04;Hedmark;10022;Nord-Østerdal Skyttersamlag;DFS
10428;Fåset Skytterlag;04;Hedmark;10022;Nord-Østerdal Skyttersamlag;DFS
10434;Kvikne Skytterlag;04;Hedmark;10022;Nord-Østerdal Skyttersamlag;DFS
10435;Lonås Skytterlag;04;Hedmark;10022;Nord-Østerdal Skyttersamlag;DFS
10439;Tylldal Skytterlag;04;Hedmark;10022;Nord-Østerdal Skyttersamlag;DFS
10440;Tynset Skytterlag;04;Hedmark;10022;Nord-Østerdal Skyttersamlag;DFS
10423;Alvdal Skytterlag;04;Hedmark;10022;Nord-Østerdal Skyttersamlag;DFS
10445;Tronfjell Skytterlag;04;Hedmark;10022;Nord-Østerdal Skyttersamlag;DFS
10427;Folldal Skytterlag;04;Hedmark;10022;Nord-Østerdal Skyttersamlag;DFS
10433;Kronmo Skytterlag;04;Hedmark;10022;Nord-Østerdal Skyttersamlag;DFS
10436;Narjord Skytterlag;04;Hedmark;10022;Nord-Østerdal Skyttersamlag;DFS
10437;Nora Skytterlag;04;Hedmark;10022;Nord-Østerdal Skyttersamlag;DFS
10223;Aasveen Skytterlag;05;Oppland;10025;Gudbrandsdal Skyttersamlag;DFS
11015;Base Jørstadmoen;05;Oppland;10025;Gudbrandsdal Skyttersamlag;MIL
2348746;Cyberforsvaret/CISTG;05;Oppland;10025;Gudbrandsdal Skyttersamlag;MIL
10206;Fåberg Skytterlag;05;Oppland;10025;Gudbrandsdal Skyttersamlag;DFS
10211;Lillehammer Skytterlag;05;Oppland;10025;Gudbrandsdal Skyttersamlag;DFS
10471;Biri Skytterlag;05;Oppland;10021;Opland Skyttersamlag;DFS
10476;Gjøvik og Brusveen Skytterlag;05;Oppland;10021;Opland Skyttersamlag;DFS
10482;Snertingdal Skytterlag;05;Oppland;10021;Opland Skyttersamlag;DFS
10490;Øvre Snertingdal Skytterlag;05;Oppland;10021;Opland Skyttersamlag;DFS
10226;Dovre og Dovreskog Skytterlag;05;Oppland;10025;Gudbrandsdal Skyttersamlag;DFS
11005;HVs skole- og kompetansesenter;05;Oppland;10025;Gudbrandsdal Skyttersamlag;MIL
1992395;HVSKS;05;Oppland;10025;Gudbrandsdal Skyttersamlag;MIL
10213;Reinskytten Skytterlag;05;Oppland;10025;Gudbrandsdal Skyttersamlag;DFS
10209;Lesja Skytterlag;05;Oppland;10025;Gudbrandsdal Skyttersamlag;DFS
10210;Lesjaskog Skytterlag;05;Oppland;10025;Gudbrandsdal Skyttersamlag;DFS
10212;Lora Skytterlag;05;Oppland;10025;Gudbrandsdal Skyttersamlag;DFS
10218;Lom og Skjåk Skytterlag;05;Oppland;10025;Gudbrandsdal Skyttersamlag;DFS
10221;Vågå Skytterlag;05;Oppland;10025;Gudbrandsdal Skyttersamlag;DFS
10216;Sjoa Skytterlag;05;Oppland;10025;Gudbrandsdal Skyttersamlag;DFS
10217;Skåbu Skytterlag;05;Oppland;10025;Gudbrandsdal Skyttersamlag;DFS
10220;Vinstra Skytterlag;05;Oppland;10025;Gudbrandsdal Skyttersamlag;DFS
10208;Jo Gjende Skytterlag;05;Oppland;10025;Gudbrandsdal Skyttersamlag;DFS
10215;Otta Skytterlag;05;Oppland;10025;Gudbrandsdal Skyttersamlag;DFS
10219;Sør-Fron Skytterlag;05;Oppland;10025;Gudbrandsdal Skyttersamlag;DFS
10946;NROF Gudbrandsdalen;05;Oppland;10025;Gudbrandsdal Skyttersamlag;MIL
10214;Ringebu og Fåvang Skytterlag;05;Oppland;10025;Gudbrandsdal Skyttersamlag;DFS
10222;Øyer/Dølen Skytterlag;05;Oppland;10025;Gudbrandsdal Skyttersamlag;DFS
10205;Follebu skytterlag (nedlagt 7/7-2011);05;Oppland;10025;Gudbrandsdal Skyttersamlag;DFS
10207;Gausdal Skytterlag;05;Oppland;10025;Gudbrandsdal Skyttersamlag;DFS
10225;Vestre Gausdal Skytterlag;05;Oppland;10025;Gudbrandsdal Skyttersamlag;DFS
10224;Østre Gausdal Skytterlag;05;Oppland;10025;Gudbrandsdal Skyttersamlag;DFS
10988;NROF Vestoppland;05;Oppland;10021;Opland Skyttersamlag;MIL
10488;Viken (opland) Skytterlag;05;Oppland;10021;Opland Skyttersamlag;DFS
10489;Østre Toten Skytterlag;05;Oppland;10021;Opland Skyttersamlag;DFS
10474;Eina Skytterlag;05;Oppland;10021;Opland Skyttersamlag;DFS
11011;FLO Felleskapasiteter;05;Oppland;10021;Opland Skyttersamlag;MIL
10478;Nohr Skytterlag;05;Oppland;10021;Opland Skyttersamlag;DFS
10487;Vestre Toten Skytterlag;05;Oppland;10021;Opland Skyttersamlag;DFS
10480;Randsfjord Skytterlag;05;Oppland;10021;Opland Skyttersamlag;DFS
10496;Skarpskytten Skytterlag;05;Oppland;10019;Oslo Skyttersamlag;DFS
10477;Lunner Skytterlag;05;Oppland;10021;Opland Skyttersamlag;DFS
10472;Bjoneroa Skytterlag;05;Oppland;10021;Opland Skyttersamlag;DFS
10473;Brandbu Skytterlag;05;Oppland;10021;Opland Skyttersamlag;DFS
10484;Tingelstad Skytterlag;05;Oppland;10021;Opland Skyttersamlag;DFS
10486;Vestre Brandbu Skytterlag;05;Oppland;10021;Opland Skyttersamlag;DFS
10475;Fluberg skytterlag;05;Oppland;10021;Opland Skyttersamlag;DFS
10483;Søndre Land Skytterlag;05;Oppland;10021;Opland Skyttersamlag;DFS
10479;Nordre Land Skytterlag;05;Oppland;10021;Opland Skyttersamlag;DFS
10481;Skude Skytterlag;05;Oppland;10021;Opland Skyttersamlag;DFS
10485;Torpa Skytterlag;05;Oppland;10021;Opland Skyttersamlag;DFS
10790;Begna Skyttarlag;05;Oppland;10024;Valdres Skyttersamlag;DFS
10791;Begnadalen Skyttarlag;05;Oppland;10024;Valdres Skyttersamlag;DFS
10794;Hedalen Skyttarlag;05;Oppland;10024;Valdres Skyttersamlag;DFS
10793;Etnedal Skyttarlag;05;Oppland;10024;Valdres Skyttersamlag;DFS
10800;Fagernes Skytterlag;05;Oppland;10024;Valdres Skyttersamlag;DFS
10795;Nord-Aurdal Skytterlag;05;Oppland;10024;Valdres Skyttersamlag;DFS
10983;Nrof Valdres;05;Oppland;10024;Valdres Skyttersamlag;MIL
10792;Beito Skyttarlag;05;Oppland;10024;Valdres Skyttersamlag;DFS
10796;Trudvang Skyttarlag;05;Oppland;10024;Valdres Skyttersamlag;DFS
10799;Øystre Slidre Skyttarlag;05;Oppland;10024;Valdres Skyttersamlag;DFS
10797;Vang Skyttarlag;05;Oppland;10024;Valdres Skyttersamlag;DFS
10798;Vestre Slidre Skytterlag;05;Oppland;10024;Valdres Skyttersamlag;DFS
10938;Nrof Drammen;06;Buskerud;10015;Drammen Skyttersamlag;MIL
10131;Riflen/skoger Skytterlag;06;Buskerud;10015;Drammen Skyttersamlag;DFS
10447;Blinken Skytterlag;06;Buskerud;10014;Numedal Skyttersamlag;DFS
10996;Hv-03 Telemark og Buskerud;06;Buskerud;10014;Numedal Skyttersamlag;MIL
10451;Jondalen Skytterlag;06;Buskerud;10014;Numedal Skyttersamlag;DFS
10452;Kongsberg Skytterlag;06;Buskerud;10014;Numedal Skyttersamlag;DFS
10513;Ringerike Skytterlag;06;Buskerud;10011;Ringerike Skyttersamlag;DFS
10516;Sokna Skytterlag;06;Buskerud;10011;Ringerike Skyttersamlag;DFS
10519;Tyristrand Skytterlag;06;Buskerud;10011;Ringerike Skyttersamlag;DFS
10521;Øvre Ådal Skytterlag;06;Buskerud;10011;Ringerike Skyttersamlag;DFS
10520;Ådal Skytterlag;06;Buskerud;10011;Ringerike Skyttersamlag;DFS
10970;Nrof Ringerike;06;Buskerud;10011;Ringerike Skyttersamlag;MIL
10228;Flå (hallingdal) Skytterlag;06;Buskerud;10012;Hallingdal Skyttersamlag;DFS
10234;Nes (Hallingdal) Skytterlag;06;Buskerud;10012;Hallingdal Skyttersamlag;DFS
10227;Nes og Bromma Skytterlag;06;Buskerud;10012;Hallingdal Skyttersamlag;DFS
10236;Tunhovd Skytterlag;06;Buskerud;10012;Hallingdal Skyttersamlag;DFS
10230;Gol og Ødegården Skyttarlag;06;Buskerud;10012;Hallingdal Skyttersamlag;DFS
10239;Ødegården Skytterlag;06;Buskerud;10012;Hallingdal Skyttersamlag;DFS
10232;Hemsedal Skytterlag;06;Buskerud;10012;Hallingdal Skyttersamlag;DFS
10231;Hadding Skytterlag;06;Buskerud;10012;Hallingdal Skyttersamlag;DFS
10240;Torpo Skytterlag;06;Buskerud;10012;Hallingdal Skyttersamlag;DFS
10237;Uppheim Skytterlag;06;Buskerud;10012;Hallingdal Skyttersamlag;DFS
10238;Vats og Leveld Skytterlag;06;Buskerud;10012;Hallingdal Skyttersamlag;DFS
10229;Geilo Skytterlag;06;Buskerud;10012;Hallingdal Skyttersamlag;DFS
10233;Hovet og Hol Skytterlag;06;Buskerud;10012;Hallingdal Skyttersamlag;DFS
10235;Skurdalen og Dagali Skytterlag;06;Buskerud;10012;Hallingdal Skyttersamlag;DFS
10511;Nedre Sigdal Skytterlag;06;Buskerud;10011;Ringerike Skyttersamlag;DFS
10514;Sigdal Skytterlag;06;Buskerud;10011;Ringerike Skyttersamlag;DFS
10517;Stjernen Skytterlag;06;Buskerud;10011;Ringerike Skyttersamlag;DFS
10510;Krødsherad skytterlag;06;Buskerud;10011;Ringerike Skyttersamlag;DFS
10512;Nordre Modum Skytterlag;06;Buskerud;10011;Ringerike Skyttersamlag;DFS
10515;Snarum Skytterlag;06;Buskerud;10011;Ringerike Skyttersamlag;DFS
10518;Søndre Modum Skytterlag;06;Buskerud;10011;Ringerike Skyttersamlag;DFS
10509;Bingen Skytterlag;06;Buskerud;10011;Ringerike Skyttersamlag;DFS
10448;Eker Skytterlag;06;Buskerud;10014;Numedal Skyttersamlag;DFS
10449;Fiskum Skytterlag;06;Buskerud;10014;Numedal Skyttersamlag;DFS
11023;Fma;06;Buskerud;10015;Drammen Skyttersamlag;MIL
10130;Lier Skytterlag;06;Buskerud;10015;Drammen Skyttersamlag;DFS
10134;Røyken og Hurum Skytterlag;06;Buskerud;10015;Drammen Skyttersamlag;DFS
10450;Flesberg Skytterlag;06;Buskerud;10014;Numedal Skyttersamlag;DFS
10454;Rollag og Veggli Skytterlag;06;Buskerud;10014;Numedal Skyttersamlag;DFS
10453;Nore og Uvdal Skytterlag;06;Buskerud;10014;Numedal Skyttersamlag;DFS
10860;Horten og Borre skytterlag (Avviklet);07;Vestfold;10013;Vestfold Skyttersamlag;DFS
10867;Slagen Skytterlag;07;Vestfold;10013;Vestfold Skyttersamlag;DFS
10856;Andebu Skytterlag;07;Vestfold;10013;Vestfold Skyttersamlag;DFS
10865;Sandar og Sandefjord Skytterlag;07;Vestfold;10013;Vestfold Skyttersamlag;DFS
10866;Sem Skytterlag;07;Vestfold;10013;Vestfold Skyttersamlag;DFS
10857;Hedrum Skytterlag;07;Vestfold;10013;Vestfold Skyttersamlag;DFS
10861;Hvarnes skytterlag;07;Vestfold;10013;Vestfold Skyttersamlag;DFS
10863;Larvik Skytterlag;07;Vestfold;10013;Vestfold Skyttersamlag;DFS
10987;NROF Vestfold;07;Vestfold;10013;Vestfold Skyttersamlag;MIL
10868;Styrvoll Skytterlag;07;Vestfold;10013;Vestfold Skyttersamlag;DFS
10132;Sande Skytterlag;07;Vestfold;10013;Vestfold Skyttersamlag;DFS
10858;Hof (Vestfold) Skytterlag;07;Vestfold;10013;Vestfold Skyttersamlag;DFS
10859;Holmestrand og Omegn Skytterlag;07;Vestfold;10013;Vestfold Skyttersamlag;DFS
10862;Høyjord og Ramnes Skytterlag;07;Vestfold;10013;Vestfold Skyttersamlag;DFS
10870;Våle Skytterlag;07;Vestfold;10013;Vestfold Skyttersamlag;DFS
10864;Nøtterø Skytterlag;07;Vestfold;10013;Vestfold Skyttersamlag;DFS
10869;Tønsberg Skytterlag;07;Vestfold;10013;Vestfold Skyttersamlag;DFS
10945;NROF Grenland;08;Telemark;10027;Telemark Skyttersamlag;MIL
10186;Porsgrunds Skytterlag;08;Telemark;10027;Telemark Skyttersamlag;DFS
10179;Gjerpen Skytterlag;08;Telemark;10027;Telemark Skyttersamlag;DFS
10181;Kilebygda og Bolvik Skytterlag;08;Telemark;10027;Telemark Skyttersamlag;DFS
10184;Løveid Skytterlag;08;Telemark;10027;Telemark Skyttersamlag;DFS
10185;Mælum Skytterlag;08;Telemark;10027;Telemark Skyttersamlag;DFS
10188;Siljan Skytterlag;08;Telemark;10027;Telemark Skyttersamlag;DFS
10189;Skien Skytterlag;08;Telemark;10027;Telemark Skyttersamlag;DFS
10193;Bolkesjø Skytterlag;08;Telemark;10027;Telemark Skyttersamlag;DFS
10195;Gransherad og Heddal Skyttarlag;08;Telemark;10027;Telemark Skyttersamlag;DFS
10197;Notodden Skytterlag;08;Telemark;10027;Telemark Skyttersamlag;DFS
10176;Bamble Skytterlag;08;Telemark;10027;Telemark Skyttersamlag;DFS
10182;Levangsheia Skytterlag;08;Telemark;10027;Telemark Skyttersamlag;DFS
10177;Drangedal Skytterlag;08;Telemark;10027;Telemark Skyttersamlag;DFS
10187;Sannidal Skytterlag;08;Telemark;10027;Telemark Skyttersamlag;DFS
10190;Tørdal Skytterlag;08;Telemark;10027;Telemark Skyttersamlag;DFS
10178;Flåbygd Skyttarlag;08;Telemark;10027;Telemark Skyttersamlag;DFS
10180;Holla Skytterlag;08;Telemark;10027;Telemark Skyttersamlag;DFS
10183;Lunde Skytterlag;08;Telemark;10027;Telemark Skyttersamlag;DFS
10194;Bø (Telemark) Skyttarlag;08;Telemark;10027;Telemark Skyttersamlag;DFS
10203;Øvre Bø Skytterlag;08;Telemark;10027;Telemark Skyttersamlag;DFS
10199;Sauherad Skytterlag;08;Telemark;10027;Telemark Skyttersamlag;DFS
10191;Atrå Skytterlag;08;Telemark;10027;Telemark Skyttersamlag;DFS
10192;Austbygde Skytterlag;08;Telemark;10027;Telemark Skyttersamlag;DFS
10204;Hovin Skytterlag (telemark);08;Telemark;10027;Telemark Skyttersamlag;DFS
10198;Rjukan Skytterlag;08;Telemark;10027;Telemark Skyttersamlag;DFS
10201;Tessungdalen Skytterlag;08;Telemark;10027;Telemark Skyttersamlag;DFS
10196;Hjartdal Skytterlag;08;Telemark;10027;Telemark Skyttersamlag;DFS
10200;Sauland Skytterlag;08;Telemark;10027;Telemark Skyttersamlag;DFS
10202;Tuddal Skytterlag;08;Telemark;10027;Telemark Skyttersamlag;DFS
10881;Seljord Skyttarlag;08;Telemark;10028;Vest-Telemark Skyttarsamlag;DFS
10886;Austheii Skyttarlag;08;Telemark;10028;Vest-Telemark Skyttarsamlag;DFS
10871;Brunkeberg og Morgedal Skytterlag;08;Telemark;10028;Vest-Telemark Skyttarsamlag;DFS
10875;Fjågesund Skyttarlag;08;Telemark;10028;Vest-Telemark Skyttarsamlag;DFS
10887;Kviteseid Skyttarlag;08;Telemark;10028;Vest-Telemark Skyttarsamlag;DFS
10882;Vrådal Skyttarlag;08;Telemark;10028;Vest-Telemark Skyttarsamlag;DFS
10878;Nissedal Skyttarlag;08;Telemark;10028;Vest-Telemark Skyttarsamlag;DFS
10883;Treungen Skyttarlag;08;Telemark;10028;Vest-Telemark Skyttarsamlag;DFS
10876;Fyresdal Skyttarlag;08;Telemark;10028;Vest-Telemark Skyttarsamlag;DFS
10877;Høydalsmo Skyttarlag;08;Telemark;10028;Vest-Telemark Skyttarsamlag;DFS
10989;NROF Vest-Telemark;08;Telemark;10028;Vest-Telemark Skyttarsamlag;MIL
10873;Tokke Skyttarlag;08;Telemark;10028;Vest-Telemark Skyttarsamlag;DFS
10888;Arabygdi Skyttarlag;08;Telemark;10028;Vest-Telemark Skyttarsamlag;DFS
10879;Møsstrond Skyttarlag;08;Telemark;10028;Vest-Telemark Skyttarsamlag;DFS
10880;Rauland Skyttarlag;08;Telemark;10028;Vest-Telemark Skyttarsamlag;DFS
10884;Ytre Vinje Skyttarlag;08;Telemark;10028;Vest-Telemark Skyttarsamlag;DFS
10885;Øyfjell Skyttarlag;08;Telemark;10028;Vest-Telemark Skyttarsamlag;DFS
10115;Søndeled Skytterlag;09;Aust-Agder;10032;Aust-Agder Skyttersamlag;DFS
10107;Fjære Skytterlag;09;Aust-Agder;10032;Aust-Agder Skyttersamlag;DFS
10112;Imenes Skytterlag;09;Aust-Agder;10032;Aust-Agder Skyttersamlag;DFS
10964;Nrof Nedenes;09;Aust-Agder;10032;Aust-Agder Skyttersamlag;MIL
10114;Rise og Løddesøl Skytterlag;09;Aust-Agder;10032;Aust-Agder Skyttersamlag;DFS
10116;Ugland Skytterlag;09;Aust-Agder;10032;Aust-Agder Skyttersamlag;DFS
10109;Gjerstad Skytterlag;09;Aust-Agder;10032;Aust-Agder Skyttersamlag;DFS
10117;Vegårshei Skytterlag;09;Aust-Agder;10032;Aust-Agder Skyttersamlag;DFS
10118;Østerå Skytterlag;09;Aust-Agder;10032;Aust-Agder Skyttersamlag;DFS
10105;Dalen Skytterlag;09;Aust-Agder;10032;Aust-Agder Skyttersamlag;DFS
10108;Froland Skytterlag;09;Aust-Agder;10032;Aust-Agder Skyttersamlag;DFS
10113;Mykland Skytterlag;09;Aust-Agder;10032;Aust-Agder Skyttersamlag;DFS
10067;Lillesand Skytterlag;09;Aust-Agder;10030;Agder skyttersamlag;DFS
10059;Birkenes Skytterlag;09;Aust-Agder;10030;Agder skyttersamlag;DFS
10111;Herefoss Skytterlag;09;Aust-Agder;10032;Aust-Agder Skyttersamlag;DFS
10106;Dølemo Skyttarlag;09;Aust-Agder;10032;Aust-Agder Skyttersamlag;DFS
10874;Felle Skyttarlag;09;Aust-Agder;10028;Vest-Telemark Skyttarsamlag;DFS
10110;Gjøvdal Skytterlag;09;Aust-Agder;10032;Aust-Agder Skyttersamlag;DFS
10119;Åmli Skytterlag;09;Aust-Agder;10032;Aust-Agder Skyttersamlag;DFS
10065;Iveland Skytterlag;09;Aust-Agder;10030;Agder skyttersamlag;DFS
10073;Vegusdal Skytterlag;09;Aust-Agder;10030;Agder skyttersamlag;DFS
10061;Evje og Hornnes Skytterlag;09;Aust-Agder;10030;Agder skyttersamlag;DFS
10060;Bygland Skytterlag;09;Aust-Agder;10030;Agder skyttersamlag;DFS
10076;Årdal Skytterlag;09;Aust-Agder;10030;Agder skyttersamlag;DFS
10072;Valle og Hylestad Skytterlag;09;Aust-Agder;10030;Agder skyttersamlag;DFS
10872;Bykle Skyttarlag;09;Aust-Agder;10028;Vest-Telemark Skyttarsamlag;DFS
2301448;Kristiansand og Omegn Skytterlag;10;Vest-Agder;10030;Agder skyttersamlag;DFS
10066;Kristiansand Skytterlag;10;Vest-Agder;10030;Agder skyttersamlag;DFS
2469179;Luftforsvarets skolesenter;10;Vest-Agder;10030;Agder skyttersamlag;MIL
10955;NROF Kristiansand;10;Vest-Agder;10030;Agder skyttersamlag;MIL
10068;Randesund Skytterlag;10;Vest-Agder;10030;Agder skyttersamlag;DFS
10070;Topdal Skytterlag;10;Vest-Agder;10030;Agder skyttersamlag;DFS
10071;Torridal Skytterlag;10;Vest-Agder;10030;Agder skyttersamlag;DFS
10827;Holum Skytterlag;10;Vest-Agder;10029;Vest-Agder Skyttersamlag;DFS
10822;Farsund Skytterlag;10;Vest-Agder;10029;Vest-Agder Skyttersamlag;DFS
10957;Nrof Lister;10;Vest-Agder;10029;Vest-Agder Skyttersamlag;MIL
10823;Flikka Skytterlag;10;Vest-Agder;10029;Vest-Agder Skyttersamlag;DFS
10839;Gyland Skytterlag;10;Vest-Agder;10029;Vest-Agder Skyttersamlag;DFS
10064;Hægeland Skytterlag;10;Vest-Agder;10030;Agder skyttersamlag;DFS
10074;Vennesla Skytterlag;10;Vest-Agder;10030;Agder skyttersamlag;DFS
10075;Øvrebø Skytterlag;10;Vest-Agder;10030;Agder skyttersamlag;DFS
10062;Finsland Skytterlag;10;Vest-Agder;10030;Agder skyttersamlag;DFS
10063;Greipstad Skytterlag;10;Vest-Agder;10030;Agder skyttersamlag;DFS
10833;Mandal Skytterlag;10;Vest-Agder;10029;Vest-Agder Skyttersamlag;DFS
10069;Søgne Skytterlag;10;Vest-Agder;10030;Agder skyttersamlag;DFS
10821;Bjelland skytterlag;10;Vest-Agder;10029;Vest-Agder Skyttersamlag;DFS
10825;Heddeland og Breland Skytterlag;10;Vest-Agder;10029;Vest-Agder Skyttersamlag;DFS
10831;Laudal Skytterlag;10;Vest-Agder;10029;Vest-Agder Skyttersamlag;DFS
10959;NROF Mandal;10;Vest-Agder;10029;Vest-Agder Skyttersamlag;MIL
10835;Trydalen Skytterlag;10;Vest-Agder;10029;Vest-Agder Skyttersamlag;DFS
10838;Åseral Skytterlag;10;Vest-Agder;10029;Vest-Agder Skyttersamlag;DFS
10824;Grindølen Skytterlag;10;Vest-Agder;10029;Vest-Agder Skyttersamlag;DFS
10828;Konsmo Skytterlag;10;Vest-Agder;10029;Vest-Agder Skyttersamlag;DFS
10820;Audna Skytterlag;10;Vest-Agder;10029;Vest-Agder Skyttersamlag;DFS
10834;Lindesnes Skytterlag;10;Vest-Agder;10029;Vest-Agder Skyttersamlag;DFS
10830;Kvås Skytterlag;10;Vest-Agder;10029;Vest-Agder Skyttersamlag;DFS
10832;Lyngdal Skytterlag;10;Vest-Agder;10029;Vest-Agder Skyttersamlag;DFS
10826;Hægebostad Skytterlag;10;Vest-Agder;10029;Vest-Agder Skyttersamlag;DFS
10837;Øvre Eiken Skytterlag;10;Vest-Agder;10029;Vest-Agder Skyttersamlag;DFS
1589357;Feda Skytterlag;10;Vest-Agder;10029;Vest-Agder Skyttersamlag;DFS
10829;Kvinesdal Skytterlag;10;Vest-Agder;10029;Vest-Agder Skyttersamlag;DFS
10836;Tonstad Skytterlag;10;Vest-Agder;10029;Vest-Agder Skyttersamlag;DFS
10550;Øvre Sirdal Skytterlag;10;Vest-Agder;10031;Rogaland Skyttersamlag;DFS
10524;Egersund Skytterlag;11;Rogaland;10031;Rogaland Skyttersamlag;DFS
10528;Gann Skytterlag;11;Rogaland;10031;Rogaland Skyttersamlag;DFS
10998;Hv-08 Agder og Rogaland;11;Rogaland;10031;Rogaland Skyttersamlag;MIL
10971;Nrof Rogaland;11;Rogaland;10031;Rogaland Skyttersamlag;MIL
10547;Stavanger Skytterlag;11;Rogaland;10031;Rogaland Skyttersamlag;DFS
10530;Haugesund og Sveio Skyttarlag;11;Rogaland;10033;Sunnhordland Skyttersamlag;DFS
10948;NROF Haugaland;11;Rogaland;10031;Rogaland Skyttersamlag;MIL
10546;Sokndal skytterlag;11;Rogaland;10031;Rogaland Skyttersamlag;DFS
10531;Heskestad Skytterlag;11;Rogaland;10031;Rogaland Skyttersamlag;DFS
10538;Lund Skytterlag;11;Rogaland;10031;Rogaland Skyttersamlag;DFS
10522;Bjerkreim Skytterlag;11;Rogaland;10031;Rogaland Skyttersamlag;DFS
10533;Hå Skytterlag;11;Rogaland;10031;Rogaland Skyttersamlag;DFS
10536;Klepp Skytterlag;11;Rogaland;10031;Rogaland Skyttersamlag;DFS
10548;Time Skytterlag;11;Rogaland;10031;Rogaland Skyttersamlag;DFS
10529;Gjesdal Skytterlag;11;Rogaland;10031;Rogaland Skyttersamlag;DFS
10552;Lysebotn Skytterlag;11;Rogaland;10031;Rogaland Skyttersamlag;DFS
10526;Espedal Skytterlag;11;Rogaland;10031;Rogaland Skyttersamlag;DFS
10534;Jørpeland Skytterlag;11;Rogaland;10031;Rogaland Skyttersamlag;DFS
10532;Hjelmeland Skytterlag;11;Rogaland;10031;Rogaland Skyttersamlag;DFS
10535;Jøsenfjord Skytterlag;11;Rogaland;10031;Rogaland Skyttersamlag;DFS
10523;Bråtveit Skytterlag;11;Rogaland;10031;Rogaland Skyttersamlag;DFS
10540;Hebnes Skyttarlag;11;Rogaland;10031;Rogaland Skyttersamlag;DFS
10525;Jelsa og Erfjord Skytterlag;11;Rogaland;10031;Rogaland Skyttersamlag;DFS
10543;Sand/Suldal Skytterlag;11;Rogaland;10031;Rogaland Skyttersamlag;DFS
10544;Sauda Skytterlag;11;Rogaland;10031;Rogaland Skyttersamlag;DFS
10527;Finnøy Skytterlag;11;Rogaland;10031;Rogaland Skyttersamlag;DFS
10541;Ombo Skytterlag;11;Rogaland;10031;Rogaland Skyttersamlag;DFS
10542;Rennesøy Skytterlag;11;Rogaland;10031;Rogaland Skyttersamlag;DFS
10551;Bokn Skytterlag;11;Rogaland;10031;Rogaland Skyttersamlag;DFS
10539;Nedstrand Skytterlag;11;Rogaland;10031;Rogaland Skyttersamlag;DFS
10545;Skjold Skytterlag;11;Rogaland;10031;Rogaland Skyttersamlag;DFS
10549;Tysvær Skytterlag;11;Rogaland;10031;Rogaland Skyttersamlag;DFS
10537;Karmøy Skytterlag;11;Rogaland;10031;Rogaland Skyttersamlag;DFS
10685;Sandeid Skytterlag;11;Rogaland;10033;Sunnhordland Skyttersamlag;DFS
10690;Vikebygd skyttarlag;11;Rogaland;10033;Sunnhordland Skyttersamlag;DFS
10691;Vikedal og Imsland Skyttarlag;11;Rogaland;10033;Sunnhordland Skyttersamlag;DFS
10692;Vindafjord Skytterlag;11;Rogaland;10033;Sunnhordland Skyttersamlag;DFS
10693;Ølen Skytterlag;11;Rogaland;10033;Sunnhordland Skyttersamlag;DFS
10275;Arna Skyttarlag;12;Hordaland;10034;Hordaland Skyttarsamlag;DFS
10307;Bergen Nordre Skytterlag;12;Hordaland;10034;Hordaland Skyttarsamlag;DFS
10306;Bergen Skytterlag;12;Hordaland;10034;Hordaland Skyttarsamlag;DFS
10281;Fana Skyttarlag;12;Hordaland;10034;Hordaland Skyttarsamlag;DFS
10999;Hv-09 Bergenhus Heimvernsdistrikt 09;12;Hordaland;10034;Hordaland Skyttarsamlag;MIL
2077469;KE FF VEDELBES;12;Hordaland;10034;Hordaland Skyttarsamlag;MIL
10937;Nrof Bergen;12;Hordaland;10034;Hordaland Skyttarsamlag;MIL
10297;Riple Skyttarlag;12;Hordaland;10034;Hordaland Skyttarsamlag;DFS
2348860;Sjøkrigsskolen;12;Hordaland;10034;Hordaland Skyttarsamlag;MIL
10302;Vatle Skytterlag;12;Hordaland;10034;Hordaland Skyttarsamlag;DFS
10303;Åsane/Hordvik Skyttarlag;12;Hordaland;10034;Hordaland Skyttarsamlag;DFS
2676039;1. Mineryddersvadron;12;Hordaland;10034;Hordaland Skyttarsamlag;MIL
10676;Etne Skytterlag;12;Hordaland;10033;Sunnhordland Skyttersamlag;DFS
10686;Skånevik Skyttarlag;12;Hordaland;10033;Sunnhordland Skyttersamlag;DFS
10688;Sveio Skytterlag;12;Hordaland;10033;Sunnhordland Skyttersamlag;DFS
10674;Bremnes Skytterlag;12;Hordaland;10033;Sunnhordland Skyttersamlag;DFS
10675;Bømlo Skytterlag;12;Hordaland;10033;Sunnhordland Skyttersamlag;DFS
2565158;Innsatsstyrke Bjørn West;12;Hordaland;10034;Hordaland Skyttarsamlag;MIL
10976;Nrof Sunnhordland;12;Hordaland;10033;Sunnhordland Skyttersamlag;MIL
10687;Stord Skytterlag;12;Hordaland;10033;Sunnhordland Skyttersamlag;DFS
10677;Fitjar Skytterlag;12;Hordaland;10033;Sunnhordland Skyttersamlag;DFS
10678;Tysnes Skyttarlag;12;Hordaland;10033;Sunnhordland Skyttersamlag;DFS
10679;Hatlestrand og Ølve Skytterlag;12;Hordaland;10033;Sunnhordland Skyttersamlag;DFS
10680;Husnes Skyttarlag;12;Hordaland;10033;Sunnhordland Skyttersamlag;DFS
10681;Høylandsbygd Skytterlag;12;Hordaland;10033;Sunnhordland Skyttersamlag;DFS
346973;Kvinnherad Skyttarlag;12;Hordaland;10033;Sunnhordland Skyttersamlag;DFS
10682;Mauranger Skyttarlag;12;Hordaland;10033;Sunnhordland Skyttersamlag;DFS
10956;NROF Kvinnherad;12;Hordaland;10033;Sunnhordland Skyttersamlag;MIL
10683;Omvikdalen skytterlag (Nedlagt);12;Hordaland;10033;Sunnhordland Skyttersamlag;DFS
10684;Rosendal skytterlag (Nedlagt);12;Hordaland;10033;Sunnhordland Skyttersamlag;DFS
10689;Valen Skytterlag;12;Hordaland;10033;Sunnhordland Skyttersamlag;DFS
10258;Vareld Skyttarlag;12;Hordaland;10035;Hardanger og Voss Skyttersamlag;DFS
10246;Jondal Skyttarlag;12;Hordaland;10035;Hardanger og Voss Skyttersamlag;DFS
10250;Odda Skyttarlag;12;Hordaland;10035;Hardanger og Voss Skyttersamlag;DFS
10252;Røldal Skyttarlag;12;Hordaland;10035;Hardanger og Voss Skyttersamlag;DFS
10254;Tyssedal Skyttarlag;12;Hordaland;10035;Hardanger og Voss Skyttersamlag;DFS
1740596;Espe Skyttarlag;12;Hordaland;10035;Hardanger og Voss Skyttersamlag;DFS
10241;Folgefonn Skyttarlag;12;Hordaland;10035;Hardanger og Voss Skyttersamlag;DFS
10251;Ringøy skyttarlag;12;Hordaland;10035;Hardanger og Voss Skyttersamlag;DFS
10256;Ullensvang Skyttarlag;12;Hordaland;10035;Hardanger og Voss Skyttersamlag;DFS
10257;Utne skyttarlag;12;Hordaland;10035;Hardanger og Voss Skyttersamlag;DFS
10243;Eidfjord Skytterlag;12;Hordaland;10035;Hardanger og Voss Skyttersamlag;DFS
10245;Granvin Skyttarlag;12;Hordaland;10035;Hardanger og Voss Skyttersamlag;DFS
10242;Borstrondi Skyttarlag;12;Hordaland;10035;Hardanger og Voss Skyttersamlag;DFS
10247;Jordalen skyttarlag;12;Hordaland;10035;Hardanger og Voss Skyttersamlag;DFS
10990;NROF Voss;12;Hordaland;10035;Hardanger og Voss Skyttersamlag;MIL
10259;Voss Skyttarlag;12;Hordaland;10035;Hardanger og Voss Skyttersamlag;DFS
10260;Vossestrand Skyttarlag;12;Hordaland;10035;Hardanger og Voss Skyttersamlag;DFS
10244;Fyksesund skyttarlag;12;Hordaland;10035;Hardanger og Voss Skyttersamlag;DFS
10248;Hardanger Skyttarlag;12;Hordaland;10035;Hardanger og Voss Skyttersamlag;DFS
10253;Strandebarm Skyttarlag;12;Hordaland;10035;Hardanger og Voss Skyttersamlag;DFS
10255;Tørvikbygd Skytterlag;12;Hordaland;10035;Hardanger og Voss Skyttersamlag;DFS
10283;Fusa skyttarlag;12;Hordaland;10034;Hordaland Skyttarsamlag;DFS
10287;Hålandsdal/Eikelandsfjorden Skytterlag;12;Hordaland;10034;Hordaland Skyttarsamlag;DFS
10290;Lygrefjorden skyttarlag;12;Hordaland;10034;Hordaland Skyttarsamlag;DFS
10249;Mundheimsdalen Skyttarlag;12;Hordaland;10035;Hardanger og Voss Skyttersamlag;DFS
10301;Strandvik Skyttarlag;12;Hordaland;10034;Hordaland Skyttarsamlag;DFS
10300;Sævareidfjorden skyttarlag;12;Hordaland;10034;Hordaland Skyttarsamlag;DFS
10305;Tysse Skyttarlag;12;Hordaland;10034;Hordaland Skyttarsamlag;DFS
10295;Os Skyttarlag;12;Hordaland;10034;Hordaland Skyttarsamlag;DFS
10285;Austevoll Skyttarlag;12;Hordaland;10034;Hordaland Skyttarsamlag;DFS
10298;Sartor Skyttarlag;12;Hordaland;10034;Hordaland Skyttarsamlag;DFS
10276;Askøy Skytterlag;12;Hordaland;10034;Hordaland Skyttarsamlag;DFS
10286;Herdla Skyttarlag;12;Hordaland;10034;Hordaland Skyttarsamlag;DFS
10278;Dale (Hordaland) skyttarlag;12;Hordaland;10034;Hordaland Skyttarsamlag;DFS
10294;Nordgrend Skyttarlag;12;Hordaland;10034;Hordaland Skyttarsamlag;DFS
10280;Vaksdal/Modalen Skyttarlag;12;Hordaland;10034;Hordaland Skyttarsamlag;DFS
10277;Bruvik Skyttarlag;12;Hordaland;10034;Hordaland Skyttarsamlag;DFS
10284;Osterøy Skyttarlag;12;Hordaland;10034;Hordaland Skyttarsamlag;DFS
10292;Meland Skyttarlag;12;Hordaland;10034;Hordaland Skyttarsamlag;DFS
10279;Eikanger-Hjelmås Skyttarlag;12;Hordaland;10034;Hordaland Skyttarsamlag;DFS
10293;Myking Skyttarlag;12;Hordaland;10034;Hordaland Skyttarsamlag;DFS
10296;Oster Skyttarlag;12;Hordaland;10034;Hordaland Skyttarsamlag;DFS
10291;Radøy Skyttarlag;12;Hordaland;10034;Hordaland Skyttarsamlag;DFS
10299;Seim Skyttarlag;12;Hordaland;10034;Hordaland Skyttarsamlag;DFS
10288;Lindås Skyttarlag;12;Hordaland;10034;Hordaland Skyttarsamlag;DFS
10289;Lindåsneset Skytterlag;12;Hordaland;10034;Hordaland Skyttarsamlag;DFS
10304;Fjon Skyttarlag;12;Hordaland;10034;Hordaland Skyttarsamlag;DFS
10282;Frøysetvågen Skyttarlag;12;Hordaland;10034;Hordaland Skyttarsamlag;DFS
10657;Brandsøy Skytterlag;14;Sogn og Fjordane;10037;Sunnfjord Skyttarsamlag;DFS
10663;Eikefjord Skyttarlag;14;Sogn og Fjordane;10037;Sunnfjord Skyttarsamlag;DFS
10660;Florø Skytterlag;14;Sogn og Fjordane;10037;Sunnfjord Skyttarsamlag;DFS
10667;Norddalsfjord Skyttarlag;14;Sogn og Fjordane;10037;Sunnfjord Skyttarsamlag;DFS
10626;Gula Skyttarlag;14;Sogn og Fjordane;10039;Sogn Ytre Skyttarsamlag;DFS
10631;Nyborg Skyttarlag;14;Sogn og Fjordane;10039;Sogn Ytre Skyttarsamlag;DFS
10632;Oppedal/Brekke Skyttarlag;14;Sogn og Fjordane;10039;Sogn Ytre Skyttarsamlag;DFS
10670;Solund Skyttarlag;14;Sogn og Fjordane;10037;Sunnfjord Skyttarsamlag;DFS
10673;Hyllestad Skyttarlag;14;Sogn og Fjordane;10037;Sunnfjord Skyttarsamlag;DFS
10669;Skor Skyttarlag;14;Sogn og Fjordane;10037;Sunnfjord Skyttarsamlag;DFS
10624;Bjordal/Søreide Skyttarlag;14;Sogn og Fjordane;10039;Sogn Ytre Skyttarsamlag;DFS
10627;Høyanger skyttarlag;14;Sogn og Fjordane;10039;Sogn Ytre Skyttarsamlag;DFS
10629;Lavikdal skyttarlag;14;Sogn og Fjordane;10039;Sogn Ytre Skyttarsamlag;DFS
10634;Vadheim Skyttarlag;14;Sogn og Fjordane;10039;Sogn Ytre Skyttarsamlag;DFS
10622;Arnafjord Skyttarlag;14;Sogn og Fjordane;10039;Sogn Ytre Skyttarsamlag;DFS
10606;Feios Skyttarlag;14;Sogn og Fjordane;10038;Sogn Indre Skyttarsamlag;DFS
10625;Framnes Skyttarlag;14;Sogn og Fjordane;10039;Sogn Ytre Skyttarsamlag;DFS
10607;Fresvik Skyttarlag;14;Sogn og Fjordane;10038;Sogn Indre Skyttarsamlag;DFS
10633;Sylvarnes Skyttarlag;14;Sogn og Fjordane;10039;Sogn Ytre Skyttarsamlag;DFS
10635;Vik Skyttarlag;14;Sogn og Fjordane;10039;Sogn Ytre Skyttarsamlag;DFS
10623;Balestrand Skyttarlag;14;Sogn og Fjordane;10039;Sogn Ytre Skyttarsamlag;DFS
10636;Fjordane Skyttarlag;14;Sogn og Fjordane;10039;Sogn Ytre Skyttarsamlag;DFS
10630;Nesse Skyttarlag;14;Sogn og Fjordane;10039;Sogn Ytre Skyttarsamlag;DFS
10613;Leikanger Skyttarlag;14;Sogn og Fjordane;10038;Sogn Indre Skyttarsamlag;DFS
10615;Norum Skyttarlag;14;Sogn og Fjordane;10038;Sogn Indre Skyttarsamlag;DFS
10952;NROF Indre Sogn;14;Sogn og Fjordane;10038;Sogn Indre Skyttarsamlag;MIL
10616;Sogndal Skyttarlag;14;Sogn og Fjordane;10038;Sogn Indre Skyttarsamlag;DFS
10602;Aurland Skyttarlag;14;Sogn og Fjordane;10038;Sogn Indre Skyttarsamlag;DFS
10603;Blåfjell Skyttarlag;14;Sogn og Fjordane;10038;Sogn Indre Skyttarsamlag;DFS
10617;Stålring Skytterlag;14;Sogn og Fjordane;10038;Sogn Indre Skyttarsamlag;DFS
10619;Underdal Skyttarlag;14;Sogn og Fjordane;10038;Sogn Indre Skyttarsamlag;DFS
10610;Hegg Skyttarlag;14;Sogn og Fjordane;10038;Sogn Indre Skyttarsamlag;DFS
10614;Lærdal Skyttarlag;14;Sogn og Fjordane;10038;Sogn Indre Skyttarsamlag;DFS
10618;Tønjum Skytterlag;14;Sogn og Fjordane;10038;Sogn Indre Skyttarsamlag;DFS
10605;Farnes Skyttarlag;14;Sogn og Fjordane;10038;Sogn Indre Skyttarsamlag;DFS
10612;Knipenborg Skyttarlag;14;Sogn og Fjordane;10038;Sogn Indre Skyttarsamlag;DFS
10620;Veitastrond Skyttarlag;14;Sogn og Fjordane;10038;Sogn Indre Skyttarsamlag;DFS
10608;Fortun Skyttarlag;14;Sogn og Fjordane;10038;Sogn Indre Skyttarsamlag;DFS
10609;Hafslo Skyttarlag;14;Sogn og Fjordane;10038;Sogn Indre Skyttarsamlag;DFS
10604;Jostedal Skyttarlag;14;Sogn og Fjordane;10038;Sogn Indre Skyttarsamlag;DFS
10611;Kinserdal Skyttarlag;14;Sogn og Fjordane;10038;Sogn Indre Skyttarsamlag;DFS
10656;Askvoll og Holmedal Skytterlag;14;Sogn og Fjordane;10037;Sunnfjord Skyttarsamlag;DFS
10659;Dale (sunnfjord) Skyttarlag;14;Sogn og Fjordane;10037;Sunnfjord Skyttarsamlag;DFS
10671;Stroka Skyttarlag;14;Sogn og Fjordane;10037;Sunnfjord Skyttarsamlag;DFS
10672;Tyssedal (sunnfjord) Skyttarlag;14;Sogn og Fjordane;10037;Sunnfjord Skyttarsamlag;DFS
10668;Gaular Skyttarlag;14;Sogn og Fjordane;10037;Sunnfjord Skyttarsamlag;DFS
10628;Lavik Skyttarlag;14;Sogn og Fjordane;10039;Sogn Ytre Skyttarsamlag;DFS
10975;NROF Sunnfjord/Ytre Sogn;14;Sogn og Fjordane;10037;Sunnfjord Skyttarsamlag;MIL
10658;Viksdalen Skyttarlag;14;Sogn og Fjordane;10037;Sunnfjord Skyttarsamlag;DFS
10621;Fjærland skyttarlag;14;Sogn og Fjordane;10038;Sogn Indre Skyttarsamlag;DFS
10664;Holsen Skyttarlag;14;Sogn og Fjordane;10037;Sunnfjord Skyttarsamlag;DFS
10665;Jølster Skyttarlag;14;Sogn og Fjordane;10037;Sunnfjord Skyttarsamlag;DFS
10661;Førde Skyttarlag;14;Sogn og Fjordane;10037;Sunnfjord Skyttarsamlag;DFS
10662;Høyvik Skyttarlag;14;Sogn og Fjordane;10037;Sunnfjord Skyttarsamlag;DFS
10666;Naustdal Skytterlag;14;Sogn og Fjordane;10037;Sunnfjord Skyttarsamlag;DFS
10393;Berle Skytterlag;14;Sogn og Fjordane;10036;Nordfjord Skyttarsamlag;DFS
1982511;Bremanger Skytterlag;14;Sogn og Fjordane;10036;Nordfjord Skyttarsamlag;DFS
10378;Frøyen og Kalvåg Skyttarlag;14;Sogn og Fjordane;10036;Nordfjord Skyttarsamlag;DFS
10366;Gulen Skyttarlag;14;Sogn og Fjordane;10036;Nordfjord Skyttarsamlag;DFS
10383;Rugsund Skyttarlag;14;Sogn og Fjordane;10036;Nordfjord Skyttarsamlag;DFS
10384;Skatestraumen Skyttarlag;14;Sogn og Fjordane;10036;Nordfjord Skyttarsamlag;DFS
10390;Ålfoten Skyttarlag;14;Sogn og Fjordane;10036;Nordfjord Skyttarsamlag;DFS
10363;Almenning Skyttarlag;14;Sogn og Fjordane;10036;Nordfjord Skyttarsamlag;DFS
10365;Bryggja Skyttarlag;14;Sogn og Fjordane;10036;Nordfjord Skyttarsamlag;DFS
10392;Barmøy Skyttarlag;14;Sogn og Fjordane;10036;Nordfjord Skyttarsamlag;DFS
10385;Stadlandet Skyttarlag;14;Sogn og Fjordane;10036;Nordfjord Skyttarsamlag;DFS
10364;Eidsbygda Skyttarlag;14;Sogn og Fjordane;10036;Nordfjord Skyttarsamlag;DFS
10367;Haugen Skyttarlag;14;Sogn og Fjordane;10036;Nordfjord Skyttarsamlag;DFS
10369;Hundeide Skyttarlag;14;Sogn og Fjordane;10036;Nordfjord Skyttarsamlag;DFS
10373;Kjølsdalen Skyttarlag;14;Sogn og Fjordane;10036;Nordfjord Skyttarsamlag;DFS
10374;Kveldulf Skyttarlag;14;Sogn og Fjordane;10036;Nordfjord Skyttarsamlag;DFS
10379;Nordbygda og Rand Skyttarlag;14;Sogn og Fjordane;10036;Nordfjord Skyttarsamlag;DFS
10387;Sudstranda Skyttarlag;14;Sogn og Fjordane;10036;Nordfjord Skyttarsamlag;DFS
10388;Torheim Skyttarlag;14;Sogn og Fjordane;10036;Nordfjord Skyttarsamlag;DFS
10368;Hornindal Skyttarllag (avviklet 13/3-13);14;Sogn og Fjordane;10036;Nordfjord Skyttarsamlag;DFS
10370;Hyen Skyttarlag;14;Sogn og Fjordane;10036;Nordfjord Skyttarsamlag;DFS
10371;Indre Breim skyttarlag;14;Sogn og Fjordane;10036;Nordfjord Skyttarsamlag;DFS
10372;Indre Gloppen skyttarlag;14;Sogn og Fjordane;10036;Nordfjord Skyttarsamlag;DFS
10377;Nesjane Skyttarlag;14;Sogn og Fjordane;10036;Nordfjord Skyttarsamlag;DFS
10939;NROF Firda;14;Sogn og Fjordane;10036;Nordfjord Skyttarsamlag;MIL
10391;Rygg Skyttarlag;14;Sogn og Fjordane;10036;Nordfjord Skyttarsamlag;DFS
10376;Hornindal og Markane Skyttarlag;14;Sogn og Fjordane;10036;Nordfjord Skyttarsamlag;DFS
10375;Loen Skyttarlag;14;Sogn og Fjordane;10036;Nordfjord Skyttarsamlag;DFS
10380;Olden Skyttarlag;14;Sogn og Fjordane;10036;Nordfjord Skyttarsamlag;DFS
10381;Oppstryn Skyttarlag;14;Sogn og Fjordane;10036;Nordfjord Skyttarsamlag;DFS
10382;Rand Skyttarlag (slått Sammen Med Norbygda);14;Sogn og Fjordane;10036;Nordfjord Skyttarsamlag;DFS
10386;Stryn skyttarlag;14;Sogn og Fjordane;10036;Nordfjord Skyttarsamlag;DFS
10389;Utvik og Innvik skyttarlag;14;Sogn og Fjordane;10036;Nordfjord Skyttarsamlag;DFS
10559;Fannefjord Skytterlag;15;Møre og Romsdal;10041;Romsdal Skyttersamlag;DFS
10566;Kleive Skytterlag;15;Møre og Romsdal;10041;Romsdal Skyttersamlag;DFS
10568;Molde Skytterlag;15;Møre og Romsdal;10041;Romsdal Skyttersamlag;DFS
10569;Nesjestranda og Skaala Skytterlag;15;Møre og Romsdal;10041;Romsdal Skyttersamlag;DFS
10951;NROF Indre Romsdal;15;Møre og Romsdal;10041;Romsdal Skyttersamlag;MIL
10972;NROF Romsdal;15;Møre og Romsdal;10041;Romsdal Skyttersamlag;MIL
10575;Sekken Skytterlag;15;Møre og Romsdal;10041;Romsdal Skyttersamlag;DFS
10704;Tafjord Skyttarlag;15;Møre og Romsdal;10043;Sunnmør Skyttarsamlag;DFS
10576;7. Juni Skytterlag;15;Møre og Romsdal;10041;Romsdal Skyttersamlag;DFS
10709;Aalesund Skyttarlag;15;Møre og Romsdal;10043;Sunnmør Skyttarsamlag;DFS
10992;NROF Ålesund;15;Møre og Romsdal;10043;Sunnmør Skyttarsamlag;MIL
10402;Fosna Skytterlag;15;Møre og Romsdal;10042;Nordmør Skyttersamlag;DFS
10403;Fredø Skytterlag;15;Møre og Romsdal;10042;Nordmør Skyttersamlag;DFS
10407;Kristiansund Skytterlag;15;Møre og Romsdal;10042;Nordmør Skyttersamlag;DFS
10966;NROF Nordmøre;15;Møre og Romsdal;10042;Nordmør Skyttersamlag;MIL
10713;Dalane Skyttarlag;15;Møre og Romsdal;10040;Søre Sunnmøre Skyttarsamlag;DFS
10714;Fiskå Skyttarlag;15;Møre og Romsdal;10040;Søre Sunnmøre Skyttarsamlag;DFS
10720;Sundnes Skyttarlag;15;Møre og Romsdal;10040;Søre Sunnmøre Skyttarsamlag;DFS
10721;Syvde Skyttarlag;15;Møre og Romsdal;10040;Søre Sunnmøre Skyttarsamlag;DFS
10717;Larsnes skyttarlag;15;Møre og Romsdal;10040;Søre Sunnmøre Skyttarsamlag;DFS
10711;Bergsøy Skyttarlag;15;Møre og Romsdal;10040;Søre Sunnmøre Skyttarsamlag;DFS
10718;Moltustranda og Larsnes Skyttarlag;15;Møre og Romsdal;10040;Søre Sunnmøre Skyttarsamlag;DFS
10715;Hjørungavåg Skyttarlag;15;Møre og Romsdal;10040;Søre Sunnmøre Skyttarsamlag;DFS
10712;Bjørge Skyttarlag;15;Møre og Romsdal;10040;Søre Sunnmøre Skyttarsamlag;DFS
10724;Hjartåbygda Skyttarlag;15;Møre og Romsdal;10040;Søre Sunnmøre Skyttarsamlag;DFS
10979;NROF Søre Sunnmøre;15;Møre og Romsdal;10040;Søre Sunnmøre Skyttarsamlag;MIL
10723;Volda Skyttarlag;15;Møre og Romsdal;10040;Søre Sunnmøre Skyttarsamlag;DFS
10716;Hovdebygda og Ørsta Skyttarlag;15;Møre og Romsdal;10040;Søre Sunnmøre Skyttarsamlag;DFS
10719;Norangdal Skyttarlag;15;Møre og Romsdal;10040;Søre Sunnmøre Skyttarsamlag;DFS
10722;Vartdal Skyttarlag;15;Møre og Romsdal;10040;Søre Sunnmøre Skyttarsamlag;DFS
10708;Ørskog Skyttarlag;15;Møre og Romsdal;10043;Sunnmør Skyttarsamlag;DFS
10698;Solberg Skyttarlag;15;Møre og Romsdal;10043;Sunnmør Skyttarsamlag;DFS
10707;Ytterdal Skyttarlag;15;Møre og Romsdal;10043;Sunnmør Skyttarsamlag;DFS
10696;Liabygda Skytterlag;15;Møre og Romsdal;10043;Sunnmør Skyttarsamlag;DFS
10700;Stranda Skyttarlag;15;Møre og Romsdal;10043;Sunnmør Skyttarsamlag;DFS
10702;Sunnylven Skyttarlag;15;Møre og Romsdal;10043;Sunnmør Skyttarsamlag;DFS
10699;Stordal Skyttarlag;15;Møre og Romsdal;10043;Sunnmør Skyttarsamlag;DFS
10701;Sykkylven Skyttarlag;15;Møre og Romsdal;10043;Sunnmør Skyttarsamlag;DFS
10697;Engesetdal/Skodje Skyttarlag;15;Møre og Romsdal;10043;Sunnmør Skyttarsamlag;DFS
10695;Langevåg Skyttarlag;15;Møre og Romsdal;10043;Sunnmør Skyttarsamlag;DFS
10706;Vestrefjord Skyttarlag;15;Møre og Romsdal;10043;Sunnmør Skyttarsamlag;DFS
10694;Hildre og Brattvåg Skyttarlag;15;Møre og Romsdal;10043;Sunnmør Skyttarsamlag;DFS
10710;Sæberget Skyttarlag;15;Møre og Romsdal;10043;Sunnmør Skyttarsamlag;DFS
10703;Søvik Skyttarlag;15;Møre og Romsdal;10043;Sunnmør Skyttarsamlag;DFS
10561;Fiksdal Skytterlag;15;Møre og Romsdal;10041;Romsdal Skyttersamlag;DFS
10574;Rekdal Skytterlag;15;Møre og Romsdal;10041;Romsdal Skyttersamlag;DFS
10579;Tresfjord Skytterlag;15;Møre og Romsdal;10041;Romsdal Skyttersamlag;DFS
10580;Vestnes Skytterlag;15;Møre og Romsdal;10041;Romsdal Skyttersamlag;DFS
10562;Holmemstranda Skytterlag;15;Møre og Romsdal;10041;Romsdal Skyttersamlag;DFS
11000;Hv-11 Møre og Fjordane;15;Møre og Romsdal;10041;Romsdal Skyttersamlag;MIL
10564;Isfjorden og Åndalsnes Skytterlag;15;Møre og Romsdal;10041;Romsdal Skyttersamlag;DFS
10572;Rauma Skytterlag;15;Møre og Romsdal;10041;Romsdal Skyttersamlag;DFS
10573;Raumadalen Skytterlag;15;Møre og Romsdal;10041;Romsdal Skyttersamlag;DFS
10705;Valldal Skyttarlag;15;Møre og Romsdal;10043;Sunnmør Skyttarsamlag;DFS
10582;Vågstranda Skytterlag;15;Møre og Romsdal;10041;Romsdal Skyttersamlag;DFS
10554;Bugge Skytterlag;15;Møre og Romsdal;10041;Romsdal Skyttersamlag;DFS
10555;Eidsvåg og Eidsøra Skytterlag;15;Møre og Romsdal;10041;Romsdal Skyttersamlag;DFS
10556;Eikesdal Skytterlag;15;Møre og Romsdal;10041;Romsdal Skyttersamlag;DFS
10558;Eresfjord Skytterlag;15;Møre og Romsdal;10041;Romsdal Skyttersamlag;DFS
10577;Tjelle og Ranvik Skytterlag;15;Møre og Romsdal;10041;Romsdal Skyttersamlag;DFS
10581;Vistdal Skytterlag;15;Møre og Romsdal;10041;Romsdal Skyttersamlag;DFS
10571;Rakvåg Skytterlag;15;Møre og Romsdal;10041;Romsdal Skyttersamlag;DFS
10553;Aureosen Skytterlag;15;Møre og Romsdal;10041;Romsdal Skyttersamlag;DFS
10565;Julsundet Skytterlag;15;Møre og Romsdal;10041;Romsdal Skyttersamlag;DFS
10557;Elnesvågen Skytterlag;15;Møre og Romsdal;10041;Romsdal Skyttersamlag;DFS
10560;Farstad skytterlag;15;Møre og Romsdal;10041;Romsdal Skyttersamlag;DFS
10563;Hustad Skytterlag;15;Møre og Romsdal;10041;Romsdal Skyttersamlag;DFS
10567;Malmefjorden Skytterlag;15;Møre og Romsdal;10041;Romsdal Skyttersamlag;DFS
10570;Nordstemmet Skytterlag;15;Møre og Romsdal;10041;Romsdal Skyttersamlag;DFS
10578;Tornes skytterlag;15;Møre og Romsdal;10041;Romsdal Skyttersamlag;DFS
10400;Eide og Naas Skytterlag;15;Møre og Romsdal;10042;Nordmør Skyttersamlag;DFS
10408;Kvernes Skytterlag;15;Møre og Romsdal;10042;Nordmør Skyttersamlag;DFS
10398;Batnfjord Skytterlag;15;Møre og Romsdal;10042;Nordmør Skyttersamlag;DFS
10411;Reinsfjell Skytterlag;15;Møre og Romsdal;10042;Nordmør Skyttersamlag;DFS
10419;Øre skytterlag (nedlagt);15;Møre og Romsdal;10042;Nordmør Skyttersamlag;DFS
10394;Aspøy og Straumsnes Skytterlag;15;Møre og Romsdal;10042;Nordmør Skyttersamlag;DFS
10410;Meisingset Skytterlag;15;Møre og Romsdal;10042;Nordmør Skyttersamlag;DFS
10406;Hov Skytterlag;15;Møre og Romsdal;10042;Nordmør Skyttersamlag;DFS
10422;Jordalsgrend og Øksendal Skytterlag;15;Møre og Romsdal;10042;Nordmør Skyttersamlag;DFS
10414;Sunndal Skytterlag;15;Møre og Romsdal;10042;Nordmør Skyttersamlag;DFS
10421;Ålvundfjord og Ålvundeid Skytterlag;15;Møre og Romsdal;10042;Nordmør Skyttersamlag;DFS
10399;Bæverdalen Skytterlag;15;Møre og Romsdal;10042;Nordmør Skyttersamlag;DFS
10405;Hjelmen Skytterlag;15;Møre og Romsdal;10042;Nordmør Skyttersamlag;DFS
10415;Surnadal Skytterlag;15;Møre og Romsdal;10042;Nordmør Skyttersamlag;DFS
10416;Søya og Todalen Skytterlag;15;Møre og Romsdal;10042;Nordmør Skyttersamlag;DFS
10420;Øvre Surnadal Skytterlag;15;Møre og Romsdal;10042;Nordmør Skyttersamlag;DFS
10409;Lomundal skytterlag;15;Møre og Romsdal;10042;Nordmør Skyttersamlag;DFS
10412;Rindal Skytterlag;15;Møre og Romsdal;10042;Nordmør Skyttersamlag;DFS
10417;Valsøyfjord Skytterlag;15;Møre og Romsdal;10042;Nordmør Skyttersamlag;DFS
10397;Smøla Skytterlag;15;Møre og Romsdal;10042;Nordmør Skyttersamlag;DFS
10396;Aure Skytterlag;15;Møre og Romsdal;10042;Nordmør Skyttersamlag;DFS
10401;Ertvågøy Skytterlag;15;Møre og Romsdal;10042;Nordmør Skyttersamlag;DFS
10418;Tustna Skytterlag;15;Møre og Romsdal;10042;Nordmør Skyttersamlag;DFS
10395;Årvågsfjord Skytterlag;15;Møre og Romsdal;10042;Nordmør Skyttersamlag;DFS
10584;Bodø Østre Skytterlag;18;Nordland;10055;Salten Skyttersamlag;DFS
11017;Forsvaret Bodø;18;Nordland;10055;Salten Skyttersamlag;MIL
1702372;Forsvarets Operative Hovedkvarter (FOH);18;Nordland;10055;Salten Skyttersamlag;MIL
10601;Kjerringøy Skytterlag;18;Nordland;10055;Salten Skyttersamlag;DFS
2228757;Luftving 132;18;Nordland;10055;Salten Skyttersamlag;MIL
10590;Misvær Skytterlag;18;Nordland;10055;Salten Skyttersamlag;DFS
10973;NROF Salten;18;Nordland;10055;Salten Skyttersamlag;MIL
10600;Saltstraumen Skytterlag;18;Nordland;10055;Salten Skyttersamlag;DFS
10599;Sandhornøya Skytterlag;18;Nordland;10055;Salten Skyttersamlag;DFS
10595;Viken (Salten) Skytterlag;18;Nordland;10055;Salten Skyttersamlag;DFS
10455;Bjerkvik Skytterlag;18;Nordland;10050;Ofoten Skyttersamlag;DFS
11003;Hv-16 Nord-Hålogaland;18;Nordland;10050;Ofoten Skyttersamlag;MIL
10461;Narvik Skytterlag;18;Nordland;10050;Ofoten Skyttersamlag;DFS
10963;Nrof Narvik;18;Nordland;10050;Ofoten Skyttersamlag;MIL
10463;Skjomen Skytterlag;18;Nordland;10050;Ofoten Skyttersamlag;DFS
10805;Heilhornet Skytterlag;18;Nordland;10047;Namdal Skyttersamlag;DFS
10348;Indre Bindal Skytterlag;18;Nordland;10047;Namdal Skyttersamlag;DFS
10802;Brønnøysund Skytterlag;18;Nordland;10056;Vefsn Skyttersamlag;DFS
10980;NROF Sør-Helgeland;18;Nordland;10056;Vefsn Skyttersamlag;MIL
10816;Øvre Velfjord Skytterlag;18;Nordland;10056;Vefsn Skyttersamlag;DFS
10814;Vega Skytterlag;18;Nordland;10056;Vefsn Skyttersamlag;DFS
10815;Visten Skytterlag;18;Nordland;10056;Vefsn Skyttersamlag;DFS
10936;NROF Alstadhaug;18;Nordland;10056;Vefsn Skyttersamlag;MIL
10809;Sandnessjøen Skytterlag;18;Nordland;10056;Vefsn Skyttersamlag;DFS
10502;Fagervika Skytterlag;18;Nordland;10057;Rana Skyttersamlag;DFS
10801;Austerbygda Skytterlag;18;Nordland;10056;Vefsn Skyttersamlag;DFS
1951151;Bardal og Levang Skytterlag;18;Nordland;10057;Rana Skyttersamlag;DFS
10818;Blomsøy Skytterlag;18;Nordland;10056;Vefsn Skyttersamlag;DFS
10806;Drevja Skytterlag;18;Nordland;10056;Vefsn Skyttersamlag;DFS
10803;Fustvatn Skytterlag;18;Nordland;10056;Vefsn Skyttersamlag;DFS
11002;Hv-14 Sør-hålogaland;18;Nordland;10056;Vefsn Skyttersamlag;MIL
10807;Kvalfors Skytterlag;18;Nordland;10056;Vefsn Skyttersamlag;DFS
10808;Mosjøen Skytterlag;18;Nordland;10056;Vefsn Skyttersamlag;DFS
10812;Toven og Drevvatn Skytterlag;18;Nordland;10056;Vefsn Skyttersamlag;DFS
10817;Ømmervatn Skytterlag;18;Nordland;10056;Vefsn Skyttersamlag;DFS
10811;Grane Skytterlag;18;Nordland;10056;Vefsn Skyttersamlag;DFS
10804;Hattfjelldal Skytterlag;18;Nordland;10056;Vefsn Skyttersamlag;DFS
10810;Susna Skytterlag;18;Nordland;10056;Vefsn Skyttersamlag;DFS
10813;Unkervatn Skytterlag;18;Nordland;10056;Vefsn Skyttersamlag;DFS
10506;Nesna Skytterlag;18;Nordland;10057;Rana Skyttersamlag;DFS
10500;Bleikvassli Skytterlag;18;Nordland;10057;Rana Skyttersamlag;DFS
10503;Hemnes og Sør-Rana Skytterlag;18;Nordland;10057;Rana Skyttersamlag;DFS
10504;Korgen Skytterlag;18;Nordland;10057;Rana Skyttersamlag;DFS
10508;Alteren Skytterlag;18;Nordland;10057;Rana Skyttersamlag;DFS
10499;Bjøllånes Skytterlag;18;Nordland;10057;Rana Skyttersamlag;DFS
10501;Dunderlandsdalen Skytterlag;18;Nordland;10057;Rana Skyttersamlag;DFS
10505;Mo Skytterlag;18;Nordland;10057;Rana Skyttersamlag;DFS
10950;NROF Helgeland;18;Nordland;10057;Rana Skyttersamlag;MIL
2180115;Polarsirkelen Skytterlag;18;Nordland;10057;Rana Skyttersamlag;DFS
10507;Røvassdalen Skytterlag;18;Nordland;10057;Rana Skyttersamlag;DFS
10498;Aldersund Skytterlag;18;Nordland;10057;Rana Skyttersamlag;DFS
2356814;Lurøy Skytterlag;18;Nordland;10057;Rana Skyttersamlag;DFS
10586;Halsa (Salten) Skytterlag;18;Nordland;10055;Salten Skyttersamlag;DFS
10589;Meløy Skytterlag;18;Nordland;10055;Salten Skyttersamlag;DFS
10596;Ørnes Skytterlag;18;Nordland;10055;Salten Skyttersamlag;DFS
10588;Gildeskål Skytterlag;18;Nordland;10055;Salten Skyttersamlag;DFS
10583;Beiarn Skytterlag;18;Nordland;10055;Salten Skyttersamlag;DFS
10591;Saltdal Skytterlag;18;Nordland;10055;Salten Skyttersamlag;DFS
10585;Fjordbotn Skytterlag;18;Nordland;10055;Salten Skyttersamlag;DFS
10592;Sulitjelma Skytterlag;18;Nordland;10055;Salten Skyttersamlag;DFS
10594;Valnesfjord Skytterlag;18;Nordland;10055;Salten Skyttersamlag;DFS
10597;Røsvik Skytterlag;18;Nordland;10055;Salten Skyttersamlag;DFS
10593;Sørfjord og Omegn Skytterlag;18;Nordland;10055;Salten Skyttersamlag;DFS
10587;Lakså skytterlag;18;Nordland;10055;Salten Skyttersamlag;DFS
10598;Ytterstrand Skytterlag;18;Nordland;10055;Salten Skyttersamlag;DFS
10464;Sørbygd Skytterlag;18;Nordland;10050;Ofoten Skyttersamlag;DFS
10457;Idus Skytterlag;18;Nordland;10050;Ofoten Skyttersamlag;DFS
10459;Kjøpsnes Skytterlag;18;Nordland;10050;Ofoten Skyttersamlag;DFS
10460;Lødingen Skytterlag;18;Nordland;10050;Ofoten Skyttersamlag;DFS
10465;Vestbygd Skytterlag;18;Nordland;10050;Ofoten Skyttersamlag;DFS
2069524;Bjørnvåg;18;Nordland;10052;Troms Skyttersamlag;
10462;Ramsund Skytterlag;18;Nordland;10050;Ofoten Skyttersamlag;DFS
10456;Evenes Skytterlag;18;Nordland;10050;Ofoten Skyttersamlag;DFS
11009;Flo/V/Btv;18;Nordland;10050;Ofoten Skyttersamlag;MIL
10458;Ballangen Skytterlag;18;Nordland;10050;Ofoten Skyttersamlag;DFS
10336;Napp Skytterlag;18;Nordland;10054;Lofoten Skyttersamlag;DFS
10958;Nrof Lofoten;18;Nordland;10054;Lofoten Skyttersamlag;MIL
10335;Vestvågøy Skytterlag;18;Nordland;10054;Lofoten Skyttersamlag;DFS
10466;Bestebostad Skytterlag;18;Nordland;10050;Ofoten Skyttersamlag;DFS
10337;Søndre Hinnøy Skytterlag;18;Nordland;10054;Lofoten Skyttersamlag;DFS
10338;Vaagakallen Skytterlag;18;Nordland;10054;Lofoten Skyttersamlag;DFS
10843;Melbo Skytterlag;18;Nordland;10058;Vesterålen Skyttersamlag;DFS
10841;Bø (Vesterålen) Skytterlag;18;Nordland;10058;Vesterålen Skyttersamlag;DFS
10845;Tretinddalen Skytterlag;18;Nordland;10058;Vesterålen Skyttersamlag;DFS
10986;NROF Vesterålen;18;Nordland;10058;Vesterålen Skyttersamlag;MIL
10844;Sortland Skytterlag;18;Nordland;10058;Vesterålen Skyttersamlag;DFS
10840;Andenes Skytterlag;18;Nordland;10058;Vesterålen Skyttersamlag;DFS
10842;Dverberg Skytterlag;18;Nordland;10058;Vesterålen Skyttersamlag;DFS
2572675;133 Luftving;18;Nordland;10058;Vesterålen Skyttersamlag;MIL
10727;Brensholmen Skytterlag;19;Troms;10052;Troms Skyttersamlag;DFS
10730;Glimt Skytterlag;19;Troms;10052;Troms Skyttersamlag;DFS
10752;Lakselvdal Skytterlag;19;Troms;10052;Troms Skyttersamlag;DFS
10982;Nrof Tromsø og Omegn;19;Troms;10052;Troms Skyttersamlag;MIL
10738;Sandnessund Skytterlag;19;Troms;10052;Troms Skyttersamlag;DFS
10741;Skulsfjord Skytterlag;19;Troms;10052;Troms Skyttersamlag;DFS
10745;Straumsbukta Skytterlag;19;Troms;10052;Troms Skyttersamlag;DFS
10747;Tromsø Skytterlag;19;Troms;10052;Troms Skyttersamlag;DFS
10947;Nrof Harstad og Omegn;19;Troms;10050;Ofoten Skyttersamlag;MIL
2351435;Ramsund Orlogsstasjon Avd. Trondenes;19;Troms;10050;Ofoten Skyttersamlag;MIL
10470;Trondenes Skytterlag;19;Troms;10050;Ofoten Skyttersamlag;DFS
10468;Kvæfjord Skytterlag;19;Troms;10050;Ofoten Skyttersamlag;DFS
10469;Skånland Skytterlag;19;Troms;10050;Ofoten Skyttersamlag;DFS
10757;Nappen Skytterlag;19;Troms;10052;Troms Skyttersamlag;DFS
10467;Gratangen Skytterlag;19;Troms;10050;Ofoten Skyttersamlag;DFS
10759;Sjøveien Skytterlag;19;Troms;10052;Troms Skyttersamlag;DFS
1700814;Artilleribataljon;19;Troms;10052;Troms Skyttersamlag;MIL
10754;Bardu Skytterlag;19;Troms;10052;Troms Skyttersamlag;DFS
11022;Panserbataljon;19;Troms;10052;Troms Skyttersamlag;MIL
10758;Salangsdalen Skytterlag;19;Troms;10052;Troms Skyttersamlag;DFS
10755;Bjørkebakk Skytterlag;19;Troms;10052;Troms Skyttersamlag;DFS
10748;Bjørnen og Vestre Målselv Skytterlag;19;Troms;10052;Troms Skyttersamlag;DFS
10726;Bjørnen (Troms) Skytterlag (avviklet);19;Troms;10052;Troms Skyttersamlag;DFS
1715911;Forsvarets Sanitet;19;Troms;10052;Troms Skyttersamlag;MIL
2069557;Ingeniørbataljon/Brig-N;19;Troms;10052;Troms Skyttersamlag;MIL
10731;Kirkesdalen Skytterlag;19;Troms;10052;Troms Skyttersamlag;DFS
11019;Luftving 139;19;Troms;10052;Troms Skyttersamlag;MIL
2463339;Militærkompaniet MPKP;19;Troms;10052;Troms Skyttersamlag;MIL
10733;Målselv Skytterlag;19;Troms;10052;Troms Skyttersamlag;DFS
10734;Nedre Målselv Skytterlag;19;Troms;10052;Troms Skyttersamlag;DFS
11018;OPSSTØ;19;Troms;10052;Troms Skyttersamlag;MIL
1689785;Stab Brigade Nord;19;Troms;10052;Troms Skyttersamlag;MIL
10746;Tamokdal Skytterlag;19;Troms;10052;Troms Skyttersamlag;DFS
10749;Øvre Målselv Skytterlag;19;Troms;10052;Troms Skyttersamlag;DFS
11025;2. bataljon Brigade Nord;19;Troms;10052;Troms Skyttersamlag;MIL
10960;NROF Midt-Troms;19;Troms;10052;Troms Skyttersamlag;MIL
10756;Brøstadbotn Skytterlag;19;Troms;10052;Troms Skyttersamlag;DFS
10728;Falken Skytterlag;19;Troms;10052;Troms Skyttersamlag;DFS
10729;Gisund Skytterlag;19;Troms;10052;Troms Skyttersamlag;DFS
10725;Balsfjord Skytterlag;19;Troms;10052;Troms Skyttersamlag;DFS
10744;Storsteinnes Skytterlag;19;Troms;10052;Troms Skyttersamlag;DFS
10751;Ringvassøy Skytterlag;19;Troms;10052;Troms Skyttersamlag;DFS
10750;Lyngen Skytterlag;19;Troms;10052;Troms Skyttersamlag;DFS
10739;Skibotn Skytterlag;19;Troms;10052;Troms Skyttersamlag;DFS
10743;Storfjord Skytterlag;19;Troms;10052;Troms Skyttersamlag;DFS
10732;Kåfjord Skytterlag;19;Troms;10052;Troms Skyttersamlag;DFS
10740;Skjervøy Skytterlag;19;Troms;10052;Troms Skyttersamlag;DFS
10735;Nedre Nordreisa Skytterlag;19;Troms;10052;Troms Skyttersamlag;DFS
10736;Nordreisa Skytterlag;19;Troms;10052;Troms Skyttersamlag;DFS
10737;Rotsund Skytterlag;19;Troms;10052;Troms Skyttersamlag;DFS
10753;Kvænangen Skytterlag;19;Troms;10052;Troms Skyttersamlag;DFS
10742;Spildra Skytterlag;19;Troms;10052;Troms Skyttersamlag;DFS
10126;Vardø Skytterlag;20;Finnmark;10053;Aust-Finnmark Skyttersamlag;DFS
10125;Vadsø Skytterlag;20;Finnmark;10053;Aust-Finnmark Skyttersamlag;DFS
10853;Hammerfest Skytterlag;20;Finnmark;10051;Vest-Finnmark Skyttersamlag;DFS
10985;NROF Vest-Finnmark;20;Finnmark;10051;Vest-Finnmark Skyttersamlag;MIL
10850;Kautokeino Skytterlag;20;Finnmark;10051;Vest-Finnmark Skyttersamlag;DFS
10855;Masi Skytterlag;20;Finnmark;10051;Vest-Finnmark Skyttersamlag;DFS
10846;Alta Skytterlag;20;Finnmark;10051;Vest-Finnmark Skyttersamlag;DFS
2641686;Tverrelvdalen Skytterlag;20;Finnmark;10051;Vest-Finnmark Skyttersamlag;DFS
10852;Kvalsund og Omegn Skytterlag;20;Finnmark;10051;Vest-Finnmark Skyttersamlag;DFS
2321636;Havøysund Skytterlag;20;Finnmark;10051;Vest-Finnmark Skyttersamlag;DFS
10848;Honningsvåg Skytterlag;20;Finnmark;10051;Vest-Finnmark Skyttersamlag;DFS
2446466;Garnisonen i Porsanger;20;Finnmark;10051;Vest-Finnmark Skyttersamlag;MIL
10847;Halkavarre Skytterlag;20;Finnmark;10051;Vest-Finnmark Skyttersamlag;DFS
11007;Heimevernets befalskole;20;Finnmark;10051;Vest-Finnmark Skyttersamlag;MIL
11004;Hv-17 Finnmark;20;Finnmark;10051;Vest-Finnmark Skyttersamlag;MIL
10854;Porsanger Skytterlag;20;Finnmark;10051;Vest-Finnmark Skyttersamlag;DFS
10851;Duottar Bahcinsearvi Skytterlag/viddas Skytterlag;20;Finnmark;10051;Vest-Finnmark Skyttersamlag;DFS
10849;Karasjok Skytterlag;20;Finnmark;10051;Vest-Finnmark Skyttersamlag;DFS
10128;Indre Laksefjord skytterlag;20;Finnmark;10053;Aust-Finnmark Skyttersamlag;DFS
10121;Gamvik Skytterlag;20;Finnmark;10053;Aust-Finnmark Skyttersamlag;DFS
10127;Tana Skytterlag;20;Finnmark;10053;Aust-Finnmark Skyttersamlag;DFS
10124;Nesseby skytterlag;20;Finnmark;10053;Aust-Finnmark Skyttersamlag;DFS
10120;Båtsfjord Skytterlag;20;Finnmark;10053;Aust-Finnmark Skyttersamlag;DFS
11016;Garnisonen i Sør-Varanger;20;Finnmark;10053;Aust-Finnmark Skyttersamlag;MIL
10122;Kirkenes Skytterlag;20;Finnmark;10053;Aust-Finnmark Skyttersamlag;DFS
10123;Langfjorddalen Skytterlag;20;Finnmark;10053;Aust-Finnmark Skyttersamlag;DFS
10984;NROF Varanger;20;Finnmark;10053;Aust-Finnmark Skyttersamlag;MIL
10760;Byneset Skytterlag;50;Trøndelag;10046;Uttrøndelag Skyttersamlag;DFS
10404;Halsa (Nordmør) Skytterlag;50;Trøndelag;10042;Nordmør Skyttersamlag;DFS
11001;HV-12 Trøndelag;50;Trøndelag;10046;Uttrøndelag Skyttersamlag;MIL
2675593;Luftkrigsskolen;50;Trøndelag;10046;Uttrøndelag Skyttersamlag;MIL
10774;Nidaros Skytterlag;50;Trøndelag;10046;Uttrøndelag Skyttersamlag;DFS
11006;SHV Waxwing;50;Trøndelag;10046;Uttrøndelag Skyttersamlag;MIL
10784;Trondhjems Skytterlag;50;Trøndelag;10046;Uttrøndelag Skyttersamlag;DFS
10308;Beitstad Skytterlag;50;Trøndelag;10044;Inntrøndelag Skyttersamlag;DFS
10310;Egge Skytterlag;50;Trøndelag;10044;Inntrøndelag Skyttersamlag;DFS
10311;Forr Skytterlag;50;Trøndelag;10044;Inntrøndelag Skyttersamlag;DFS
10313;Henning Skytterlag;50;Trøndelag;10044;Inntrøndelag Skyttersamlag;DFS
10316;Kvam Skytterlag;50;Trøndelag;10044;Inntrøndelag Skyttersamlag;DFS
10321;Mære Skytterlag;50;Trøndelag;10044;Inntrøndelag Skyttersamlag;DFS
10326;Steinkjer Skytterlag;50;Trøndelag;10044;Inntrøndelag Skyttersamlag;DFS
10331;Øvre Ogndal Skytterlag;50;Trøndelag;10044;Inntrøndelag Skyttersamlag;DFS
10339;Bangsund Skytterlag;50;Trøndelag;10047;Namdal Skyttersamlag;DFS
10340;Botnan skytterlag;50;Trøndelag;10047;Namdal Skyttersamlag;DFS
10349;Klinga Skytterlag;50;Trøndelag;10047;Namdal Skyttersamlag;DFS
10355;Nordre Skage Skytterlag;50;Trøndelag;10047;Namdal Skyttersamlag;DFS
10356;Otterøy Skytterlag;50;Trøndelag;10047;Namdal Skyttersamlag;DFS
10360;Vemundvik Skytterlag;50;Trøndelag;10047;Namdal Skyttersamlag;DFS
10765;Heim/Hemne Skytterlag;50;Trøndelag;10046;Uttrøndelag Skyttersamlag;DFS
10775;Oddan Skytterlag;50;Trøndelag;10046;Uttrøndelag Skyttersamlag;DFS
10786;Vinje skytterlag;50;Trøndelag;10046;Uttrøndelag Skyttersamlag;DFS
10780;Snillfjord skytterlag;50;Trøndelag;10046;Uttrøndelag Skyttersamlag;DFS
10783;Tannvik og Flesvik Skytterlag;50;Trøndelag;10046;Uttrøndelag Skyttersamlag;DFS
10788;Ytre Snillfjord Skytterlag;50;Trøndelag;10046;Uttrøndelag Skyttersamlag;DFS
10270;Fjellværøy Skytterlag;50;Trøndelag;10049;Hitra og Frøya Skyttersamlag;DFS
10271;Hitra Skytterlag;50;Trøndelag;10049;Hitra og Frøya Skyttersamlag;DFS
10272;Sandstad Skytterlag;50;Trøndelag;10049;Hitra og Frøya Skyttersamlag;DFS
10273;Sør-Hitra Skytterlag;50;Trøndelag;10049;Hitra og Frøya Skyttersamlag;DFS
10274;Vågøy Skytterlag;50;Trøndelag;10049;Hitra og Frøya Skyttersamlag;DFS
10941;NROF Fosen;50;Trøndelag;10045;Fosen Skyttersamlag;MIL
10159;Stallvik Skytterlag;50;Trøndelag;10045;Fosen Skyttersamlag;DFS
11026;Ørland Flystasjon;50;Trøndelag;10045;Fosen Skyttersamlag;MIL
10164;Ørlendingen Skytterlag;50;Trøndelag;10045;Fosen Skyttersamlag;DFS
10769;Lensvik/Selven Skytterlag;50;Trøndelag;10046;Uttrøndelag Skyttersamlag;DFS
10149;Bjugn Skytterlag;50;Trøndelag;10045;Fosen Skyttersamlag;DFS
10157;Lysøysund Skytterlag;50;Trøndelag;10045;Fosen Skyttersamlag;DFS
10150;By Skytterlag;50;Trøndelag;10045;Fosen Skyttersamlag;DFS
10152;Herfjord Skytterlag;50;Trøndelag;10045;Fosen Skyttersamlag;DFS
10161;Sørdalen Skytterlag;50;Trøndelag;10045;Fosen Skyttersamlag;DFS
10153;Hofstaddalen Skytterlag;50;Trøndelag;10045;Fosen Skyttersamlag;DFS
10154;Kiran Skytterlag;50;Trøndelag;10045;Fosen Skyttersamlag;DFS
10155;Osen (fosen) Skytterlag;50;Trøndelag;10045;Fosen Skyttersamlag;DFS
10160;Steinsdalen Skytterlag;50;Trøndelag;10045;Fosen Skyttersamlag;DFS
10169;Lønset Skytterlag;50;Trøndelag;10048;Gauldal Skyttersamlag;DFS
10171;Midtbygden (nedlagt 1/6-2011);50;Trøndelag;10048;Gauldal Skyttersamlag;DFS
10967;NROF Oppdal;50;Trøndelag;10048;Gauldal Skyttersamlag;MIL
10172;Opdal og Midtbygden Skytterlag;50;Trøndelag;10048;Gauldal Skyttersamlag;DFS
10168;Innset Skytterlag;50;Trøndelag;10048;Gauldal Skyttersamlag;DFS
10173;Rennebu Skytterlag;50;Trøndelag;10048;Gauldal Skyttersamlag;DFS
10770;Løkken Skytterlag;50;Trøndelag;10046;Uttrøndelag Skyttersamlag;DFS
10170;Meldal Skytterlag;50;Trøndelag;10048;Gauldal Skyttersamlag;DFS
10413;Rindalsskogen Skytterlag;50;Trøndelag;10042;Nordmør Skyttersamlag;DFS
10763;Geitanes Skytterlag;50;Trøndelag;10046;Uttrøndelag Skyttersamlag;DFS
10968;NROF Orkla;50;Trøndelag;10046;Uttrøndelag Skyttersamlag;MIL
10776;Orkla Skytterlag;50;Trøndelag;10046;Uttrøndelag Skyttersamlag;DFS
10424;Brekken/Aursund Skytterlag;50;Trøndelag;10022;Nord-Østerdal Skyttersamlag;DFS
10430;Glåmos Skytterlag;50;Trøndelag;10022;Nord-Østerdal Skyttersamlag;DFS
10432;Røros Skytterlag;50;Trøndelag;10022;Nord-Østerdal Skyttersamlag;DFS
10166;Haltdalen Skytterlag;50;Trøndelag;10048;Gauldal Skyttersamlag;DFS
10431;Hessdalen Skytterlag;50;Trøndelag;10022;Nord-Østerdal Skyttersamlag;DFS
10165;Budal Skytterlag;50;Trøndelag;10048;Gauldal Skyttersamlag;DFS
10943;NROF Gauldal-Røros;50;Trøndelag;10048;Gauldal Skyttersamlag;MIL
10174;Singsås Skytterlag;50;Trøndelag;10048;Gauldal Skyttersamlag;DFS
10175;Soknedal Skytterlag;50;Trøndelag;10048;Gauldal Skyttersamlag;DFS
10762;Flå (Uttrøndelag) Skytterlag;50;Trøndelag;10046;Uttrøndelag Skyttersamlag;DFS
10167;Hovin (Gauldal) Skytterlag;50;Trøndelag;10048;Gauldal Skyttersamlag;DFS
10767;Hølonda Skytterlag;50;Trøndelag;10046;Uttrøndelag Skyttersamlag;DFS
10778;Skaun Skytterlag;50;Trøndelag;10046;Uttrøndelag Skyttersamlag;DFS
10768;Klæbu Skytterlag;50;Trøndelag;10046;Uttrøndelag Skyttersamlag;DFS
10981;NROF Sør-Trøndelag;50;Trøndelag;10046;Uttrøndelag Skyttersamlag;MIL
10766;Hommelvik Skytterlag;50;Trøndelag;10046;Uttrøndelag Skyttersamlag;DFS
10772;Malvik Skytterlag;50;Trøndelag;10046;Uttrøndelag Skyttersamlag;DFS
10787;Mostadmark Skytterlag;50;Trøndelag;10046;Uttrøndelag Skyttersamlag;DFS
10777;Selbu Skytterlag;50;Trøndelag;10046;Uttrøndelag Skyttersamlag;DFS
10785;Tydal Skytterlag;50;Trøndelag;10046;Uttrøndelag Skyttersamlag;DFS
10773;Meråker Skytterlag;50;Trøndelag;10046;Uttrøndelag Skyttersamlag;DFS
10782;Stordalen Skytterlag;50;Trøndelag;10046;Uttrøndelag Skyttersamlag;DFS
10761;Floren Skytterlag;50;Trøndelag;10046;Uttrøndelag Skyttersamlag;DFS
10764;Hegra Skytterlag;50;Trøndelag;10046;Uttrøndelag Skyttersamlag;DFS
10771;Lånke Skytterlag;50;Trøndelag;10046;Uttrøndelag Skyttersamlag;DFS
10974;Nrof Stjørdal;50;Trøndelag;10046;Uttrøndelag Skyttersamlag;MIL
10779;Skjelstadmark Skytterlag;50;Trøndelag;10046;Uttrøndelag Skyttersamlag;DFS
10781;Stjørdal Skytterlag;50;Trøndelag;10046;Uttrøndelag Skyttersamlag;DFS
10309;Frosta Skytterlag;50;Trøndelag;10044;Inntrøndelag Skyttersamlag;DFS
10334;Aasen Skytterlag;50;Trøndelag;10044;Inntrøndelag Skyttersamlag;DFS
10318;Levanger og Frol Skytterlag;50;Trøndelag;10044;Inntrøndelag Skyttersamlag;DFS
10333;Markabygda Skytterlag;50;Trøndelag;10044;Inntrøndelag Skyttersamlag;DFS
10953;Nrof Innherred;50;Trøndelag;10044;Inntrøndelag Skyttersamlag;MIL
10324;Skogn Skytterlag;50;Trøndelag;10044;Inntrøndelag Skyttersamlag;DFS
10312;Helgådal Skytterlag;50;Trøndelag;10044;Inntrøndelag Skyttersamlag;DFS
10314;Inndal Skytterlag;50;Trøndelag;10044;Inntrøndelag Skyttersamlag;DFS
10327;Stiklestad og Vuku Skytterlag;50;Trøndelag;10044;Inntrøndelag Skyttersamlag;DFS
10328;Verdal Søndre Skytterlag;50;Trøndelag;10044;Inntrøndelag Skyttersamlag;DFS
10319;Malm Skytterlag;50;Trøndelag;10044;Inntrøndelag Skyttersamlag;DFS
10329;Verrastranda Skytterlag;50;Trøndelag;10044;Inntrøndelag Skyttersamlag;DFS
10330;Ytre Verran Skytterlag;50;Trøndelag;10044;Inntrøndelag Skyttersamlag;DFS
10322;Namdalseid og Lyngen Skytterlag;50;Trøndelag;10044;Inntrøndelag Skyttersamlag;DFS
10325;Snåsa Skytterlag;50;Trøndelag;10044;Inntrøndelag Skyttersamlag;DFS
10362;Lierne Skytterlag;50;Trøndelag;10047;Namdal Skyttersamlag;DFS
10361;Røyrvik Skytterlag;50;Trøndelag;10047;Namdal Skyttersamlag;DFS
10354;Namsskogan Skytterlag;50;Trøndelag;10047;Namdal Skyttersamlag;DFS
10359;Skorovas Skytterlag;50;Trøndelag;10047;Namdal Skyttersamlag;DFS
10343;Grong Skytterlag;50;Trøndelag;10047;Namdal Skyttersamlag;DFS
10345;Harran Skytterlag;50;Trøndelag;10047;Namdal Skyttersamlag;DFS
10346;Høylandet Skytterlag;50;Trøndelag;10047;Namdal Skyttersamlag;DFS
10352;Meihatten Skytterlag;50;Trøndelag;10047;Namdal Skyttersamlag;DFS
10962;NROF Namdalen;50;Trøndelag;10047;Namdal Skyttersamlag;MIL
10357;Overhalla Skytterlag;50;Trøndelag;10047;Namdal Skyttersamlag;DFS
10347;Jøa Skytterlag;50;Trøndelag;10047;Namdal Skyttersamlag;DFS
10353;Mo og Salsnes Skytterlag;50;Trøndelag;10047;Namdal Skyttersamlag;DFS
10341;Flatanger Skytterlag;50;Trøndelag;10047;Namdal Skyttersamlag;DFS
10358;Vikna Skytterlag;50;Trøndelag;10047;Namdal Skyttersamlag;DFS
10342;Gravvik og Aarsetfjorden Skytterlag;50;Trøndelag;10047;Namdal Skyttersamlag;DFS
10350;Kolvereid Skytterlag;50;Trøndelag;10047;Namdal Skyttersamlag;DFS
10344;Gutvik skytterlag;50;Trøndelag;10047;Namdal Skyttersamlag;DFS
10351;Leka Skytterlag;50;Trøndelag;10047;Namdal Skyttersamlag;DFS
10332;Framverran Skytterlag;50;Trøndelag;10044;Inntrøndelag Skyttersamlag;DFS
10315;Inderøy Skytterlag;50;Trøndelag;10044;Inntrøndelag Skyttersamlag;DFS
10320;Mosvik Skytterlag;50;Trøndelag;10044;Inntrøndelag Skyttersamlag;DFS
10323;Røra Skytterlag;50;Trøndelag;10044;Inntrøndelag Skyttersamlag;DFS
10151;Hasselvika Skytterlag;50;Trøndelag;10045;Fosen Skyttersamlag;DFS
10317;Leksvik Skytterlag;50;Trøndelag;10044;Inntrøndelag Skyttersamlag;DFS
10156;Rissa Skytterlag;50;Trøndelag;10045;Fosen Skyttersamlag;DFS
10158;Stadsbygd Skytterlag;50;Trøndelag;10045;Fosen Skyttersamlag;DFS
10162;Sørfjorden Skytterlag;50;Trøndelag;10045;Fosen Skyttersamlag;DFS
10163;Vanvik Skytterlag;50;Trøndelag;10045;Fosen Skyttersamlag;DFS
2085215;Karlstad-Ulvsby Skytteförening;;;343582;Sverige;UTL
10819;NC Nord-Norge 2011;;;10056;Vefsn Skyttersamlag;MIL
10789;NC Trøndelag 2011;;;10046;Uttrøndelag Skyttersamlag;MIL
